discovery_id,expression_id,canonical_statement_id,reason,suggested_family,status,expression_text,created_at
PELDISC-000001,PEL-000001,CGS-000001,no_expression_family_match,,needs_review,"Selective Service System Website Modernization FAQ June 18, 2026 Section 1 - Solicitation Administration & Proposal Submission Q1.1 - Proposal volume clarification - Section L 2.a states four (4) separately submitted bound Volumes but then enumerates five Volumes (I, II, III, IV, V).",2026-06-26 09:36:38
PELDISC-000002,PEL-000002,CGS-000002,no_expression_family_match,,needs_review,Please confirm whether the offeror is expected to submit four bound volumes or five separate volumes.,2026-06-26 09:36:38
PELDISC-000003,PEL-000003,CGS-000003,no_expression_family_match,,needs_review,"The reference to ""four (4) separately electronically submitted bound Volumes"" is a typographical error.",2026-06-26 09:36:38
PELDISC-000004,PEL-000004,CGS-000004,no_expression_family_match,,needs_review,Offerors shall submit five (5) proposal volumes as identified in the solicitation:,2026-06-26 09:36:38
PELDISC-000005,PEL-000007,CGS-000007,no_expression_family_match,,needs_review,Please confirm whether Volume V is evaluated as a separate factor or treated as an administrative/compliance volume only.,2026-06-26 09:36:38
PELDISC-000006,PEL-000009,CGS-000009,no_expression_family_match,,needs_review,Offerors shall submit Volume V in accordance with the solicitation instructions.,2026-06-26 09:36:38
PELDISC-000007,PEL-000011,CGS-000011,no_expression_family_match,,needs_review,RATING BOARD (FOB) DESTINATION RATED ORDER UNDER 14.METHOD OF SOLICITATION REQUEST UNLESS BLOCK IS MARKED THE DEFENSE PRIORITIES REQUEST INVITATION FOR AND ALLOCATIONS FOR QUOTE FOR BID PROPOSAL SEE SCHEDULE SYSTEM - DPAS (15 CFR 700) (RFQ) (IFB) (RFP) 15.DELIVER TO CODE 16.ADMINISTERED BY CODE 90MC00 See Schedule Same As Issuing Office 17a.,2026-06-26 09:36:38
PELDISC-000008,PEL-000013,CGS-000013,no_expression_family_match,,needs_review,"ADMINISTERED BY CODE SSS National Headquarters (NHQ) Selective Service System, 1501 Wilson Blvd, Suite 700 Same As Issuing Office Arlington, VA, 22209, US (Number, street, county, State and ZIP Code) (X) 8.",2026-06-26 09:36:38
PELDISC-000009,PEL-000019,CGS-000019,no_expression_family_match,,needs_review,or (c) By separate letter or electronic communication which includes a reference to the solicitation and amendment numbers.,2026-06-26 09:36:38
PELDISC-000010,PEL-000020,CGS-000020,no_expression_family_match,,needs_review,"We are currently in the process of preparing our proposal for the Selective Service System Website Modernization Requirement, Solicitation Number 90MC0026R0004.",2026-06-26 09:36:38
PELDISC-000011,PEL-000021,CGS-000021,no_expression_family_match,,needs_review,"As part of our proposal, we have listed you as a reference on our performance for this type of service with your agency under the previous/current contract listed below.",2026-06-26 09:36:38
PELDISC-000012,PEL-000022,CGS-000022,no_expression_family_match,,needs_review,Questionnaire must be submitted via email directly to the Contracting Officer and Contract Specialist from a corporate email account.,2026-06-26 09:36:38
PELDISC-000013,PEL-000028,CGS-000028,no_expression_family_match,,needs_review,"If by virtue of this amendment you desire to change an offer already submitted, such change may be made by letter or electronic communication, provided each letter or electronic",2026-06-26 09:36:38
PELDISC-000014,PEL-000029,CGS-000029,no_expression_family_match,,needs_review,"This is a non-personal services contract under which the personnel rendering the service(s) are not subject, either by the contract's terms or by the manner of its administration, to the supervision and control usually prevailing in relationships between the Government and its employees.",2026-06-26 09:36:38
PELDISC-000015,PEL-000030,CGS-000030,no_expression_family_match,,needs_review,The United States (U.S.) Government shall not exercise any supervision or control over the Contractor's employees performing the tasks herein.,2026-06-26 09:36:38
PELDISC-000016,PEL-000031,CGS-000031,no_expression_family_match,,needs_review,"Such contract employees shall be accountable solely to the Contractor who, in turn shall be responsible to the U.S.",2026-06-26 09:36:38
PELDISC-000017,PEL-000032,CGS-000032,no_expression_family_match,,needs_review,The Contractor shall always maintain an adequate workforce for performance of all tasks defined within this Performance Work Statement (PWS).,2026-06-26 09:36:38
PELDISC-000018,PEL-000033,CGS-000033,no_expression_family_match,,needs_review,"Unless otherwise specified, the Contractor's shall complete the services daily and be readily available for emergency support.",2026-06-26 09:36:38
PELDISC-000019,PEL-000034,CGS-000034,no_expression_family_match,,needs_review,Consideration must be made for local holidays due to local labor laws to maintain this schedule.,2026-06-26 09:36:38
PELDISC-000020,PEL-000035,CGS-000035,no_expression_family_match,,needs_review,"Further consideration must be given for nationalities that are allowed to work within the Panama City, Panama/ Joint Security Cooperation Group- Panama (JSCG-P), due to limitations imposed by the local Government on the number of specific nationalities which are allowed to work within the country at any given time.",2026-06-26 09:36:38
PELDISC-000021,PEL-000036,CGS-000036,no_expression_family_match,,needs_review,"This requirement is for base life support services at Cristobal Colon, formerly known as Fort Sherman, Panama.",2026-06-26 09:36:38
PELDISC-000022,PEL-000037,CGS-000037,no_expression_family_match,,needs_review,bulk fuel operations (limited to generators supporting site power requirements);,2026-06-26 09:36:38
PELDISC-000023,PEL-000038,CGS-000038,no_expression_family_match,,needs_review,"and all necessary staffing, management and maintenance required to perform these services.",2026-06-26 09:36:38
PELDISC-000024,PEL-000039,CGS-000039,no_expression_family_match,,needs_review,2.1 You are invited to submit a quote/offer in response to Solicitation W912CL-26-R- A004 by 15:00 PM CST on 24 June 2026.,2026-06-26 09:36:38
PELDISC-000025,PEL-000041,CGS-000041,no_expression_family_match,,needs_review,METHOD OF SOLICITATION REQUEST UNLESS BLOCK IS MARKED THE DEFENSE PRIORITIES REQUEST INVITATION FOR AND ALLOCATIONS FOR QUOTE FOR BID PROPOSAL SEE SCHEDULE SYSTEM - DPAS (15 CFR 700) (RFQ) (IFB) (RFP) 15.,2026-06-26 09:36:38
PELDISC-000026,PEL-000042,CGS-000042,no_expression_family_match,,needs_review,SUBMIT INVOICES TO ADDRESS SHOWN IN BLOCK 18a UNLESS BLOCK OFFER BELOW IS CHECKED SEE ADDENDUM 19.,2026-06-26 09:36:38
PELDISC-000027,PEL-000051,CGS-000051,no_expression_family_match,,needs_review,"If an offeror fails to meet all solicitation requirements, the Government may not make an award to that offeror.",2026-06-26 09:36:38
PELDISC-000028,PEL-000054,CGS-000054,no_expression_family_match,,needs_review,"If by virtue of this amendment you desire to change an offer already submitted, such change may be made by letter or electronic communication, provided each letter or electroni",2026-06-26 09:36:38
PELDISC-000029,PEL-000055,CGS-000055,no_expression_family_match,,needs_review,REQUEST FOR QUOTATION SPMYM326Q1137 ** THIS IS NOT AN ORDER ** PLEASE PROVIDE DELIVERED PRICES (FOB DESTINATION) REFERENCE/PR:,2026-06-26 09:36:38
PELDISC-000030,PEL-000057,CGS-000057,no_expression_family_match,,needs_review,stephen.p.smith161.civ@us.navy.mil Quotation Valid For ___Days Also send quotes to:,2026-06-26 09:36:38
PELDISC-000031,PEL-000066,CGS-000066,no_expression_family_match,,needs_review,2 CODE 245 7.DD 250 REQ 9.DIST 10.FREQUENCY 12.DATE OF 1st 14.DISTRIBUTION STATEMENT SUBMISSION a.ADDRESSEE b.COPIES REQUIRED DD One Time With Material DRAFT FINAL A 8.,2026-06-26 09:36:38
PELDISC-000032,PEL-000067,CGS-000067,no_expression_family_match,,needs_review,CODE 11.AS OF DATE 13.DATE OF REG REPRO SUBSEQUENT 133.2 0 1 0 SUBMISSION N/A N/A N/A 16 REMARKS 0 0 0 1.,2026-06-26 09:36:38
PELDISC-000033,PEL-000068,CGS-000068,no_expression_family_match,,needs_review,For Payment & Submission of Data refer to Clauses 252.232-7006 & 252.232-7003 or 52.232-36.,2026-06-26 09:36:38
PELDISC-000034,PEL-000069,CGS-000069,no_expression_family_match,,needs_review,Each Data Item Submitted by Vendor must be Submitted under a Separate Shipment Number.,2026-06-26 09:36:38
PELDISC-000035,PEL-000071,CGS-000071,no_expression_family_match,,needs_review,3 CODE 245 7.DD 250 REQ 9.DIST 10.FREQUENCY 12.DATE OF 1st 14.DISTRIBUTION STATEMENT SUBMISSION a.ADDRESSEE b.COPIES REQUIRED One Time DD With Material DRAFT FINAL A 8.APP.,2026-06-26 09:36:38
PELDISC-000036,PEL-000072,CGS-000072,no_expression_family_match,,needs_review,CODE 11.AS OF DATE 13.DATE OF REG REPRO SUBSEQUENT SUBMISSION N/A 133.2 0 1 0 N/A N/A 16 REMARKS 1.,2026-06-26 09:36:38
PELDISC-000037,PEL-000074,CGS-000074,no_expression_family_match,,needs_review,ADMINISTERED BY CODE 36C246 See Delivery Schedule Department of Veterans Affairs Network Contracting Office 6 100 Emancipation Dr.,2026-06-26 09:36:38
PELDISC-000038,PEL-000075,CGS-000075,no_expression_family_match,,needs_review,GENERAL INFORMATION CONTACT INFORMATION ADDITIONAL INFORMATION DESCRIPTION This pre-solicitation notice is not a request for formal proposals or quotes.,2026-06-26 09:36:38
PELDISC-000039,PEL-000076,CGS-000076,no_expression_family_match,,needs_review,"The Department of Veterans Affairs, Salisbury VAMC has a requirement for Solar Shades.",2026-06-26 09:36:38
PELDISC-000040,PEL-000077,CGS-000077,no_expression_family_match,,needs_review,All correspondence and responses shall be via e-mail to Aleshia.Hernandez@va.gov.,2026-06-26 09:36:38
PELDISC-000041,PEL-000079,CGS-000079,no_expression_family_match,,needs_review,"This notice does NOT constitute a request for proposals, request for quote, or invitation for bid.",2026-06-26 09:36:38
PELDISC-000042,PEL-000080,CGS-000080,no_expression_family_match,,needs_review,The VHA Network Contracting Office 6 (NCO 6) is conducting a market survey to find qualified vendors who can provide the following item:,2026-06-26 09:36:38
PELDISC-000043,PEL-000081,CGS-000081,no_expression_family_match,,needs_review,"If the contractor can provide the above-mentioned product, the contractor SHALL submit product information for evaluation.",2026-06-26 09:36:38
PELDISC-000044,PEL-000082,CGS-000082,no_expression_family_match,,needs_review,"If the contractor can provide the above items, the contractor SHALL provide a letter from the manufacturer stating they are an authorized distributor/licenser of their products.",2026-06-26 09:36:38
PELDISC-000045,PEL-000083,CGS-000083,no_expression_family_match,,needs_review,"Failure to submit an authorized distributor letter shall result in the product(s) potentially offered to be considered ""grey market"".",2026-06-26 09:36:38
PELDISC-000046,PEL-000084,CGS-000084,no_expression_family_match,,needs_review,National Cemetery Administration (NCA) Black Hills National Cemetery (BHNC) STATEMENT OF NEED Requirement of Aggregate Materials GENERAL INFORMATION Title of Project:,2026-06-26 09:36:38
PELDISC-000047,PEL-000085,CGS-000085,no_expression_family_match,,needs_review,Aggregate Materials Requirement Black Hills National Cemetery has a requirement for the following materials:,2026-06-26 09:36:38
PELDISC-000048,PEL-000086,CGS-000086,no_expression_family_match,,needs_review,The vendor shall provide material only when requested by the cemetery Contracting Officer Representative (COR).,2026-06-26 09:36:38
PELDISC-000049,PEL-000087,CGS-000087,no_expression_family_match,,needs_review,The transportation/delivery of material to the cemetery will be provided by the vendor and offloaded in a designated location provided by the COR at the time of delivery.,2026-06-26 09:36:38
PELDISC-000050,PEL-000090,CGS-000090,no_expression_family_match,,needs_review,"Description Unit Max Qty 0001 Provide ¾"" Road Base Gravel (1 qty = 1 ton) Each 90 0002 Provide Crushed Fines (1 qty = 1 ton) Each 90 0003 Provide 3/8"" Clean Gravel Chips (1 qty = 1 ton) Each 180 0004 Provide Concrete Sand (1 qty = 1 ton) Each 120 0005 Provide Screened Topsoil (1 qty = 1 ton) Each 75 0006 Provide Fill Dirt (1 qty = 1 ton) Each 75 FOB:",2026-06-26 09:36:38
PELDISC-000051,PEL-000091,CGS-000091,no_expression_family_match,,needs_review,"Destination The contractor shall deliver to Black Hills National Cemetery located at 20901 Pleasant Valley Drive, Sturgis, SD 57785 the following:",2026-06-26 09:36:38
PELDISC-000052,PEL-000092,CGS-000092,no_expression_family_match,,needs_review,"Contractor must identify previous federal, state, local government and or private contracts completed that are comparable in size, complexity and scope to the contract being evaluated.",2026-06-26 09:36:38
PELDISC-000053,PEL-000094,CGS-000094,no_expression_family_match,,needs_review,List any National Cemetery Administration (NCA) contracts currently working or previously worked first followed by Non-NCA contracts.,2026-06-26 09:36:38
PELDISC-000054,PEL-000096,CGS-000096,no_expression_family_match,,needs_review,"DIGNITY CLAUSE Respect for Headstones and Markers in National Cemeteries Handling of Markers and Headstones Every action by contractor personnel at a national cemetery must be performed with the special care, reverence, dignity, and respect that acknowledges the cemetery as the final resting place that commemorates the service and sacrifice that service members, Veterans and their families made for our Nation.",2026-06-26 09:36:38
PELDISC-000055,PEL-000097,CGS-000097,no_expression_family_match,,needs_review,Critically important is the awareness required of the Contractor employees of the remains buried in the grounds where the work is performed.,2026-06-26 09:36:38
PELDISC-000056,PEL-000098,CGS-000098,no_expression_family_match,,needs_review,The utmost care must be given to these remains and the headstones and flat grave markers that mark those gravesites and memorialize the service of individuals.,2026-06-26 09:36:38
PELDISC-000057,PEL-000099,CGS-000099,no_expression_family_match,,needs_review,Contractor shall be responsible for replacing damaged headstones and markers and for restoring turf damaged during performance of this work.,2026-06-26 09:36:38
PELDISC-000058,PEL-000100,CGS-000100,no_expression_family_match,,needs_review,"Additionally, should any activity result in the exposure and/or damage to any remains, container for remains (e.g., casket or urn), or outer burial container, the contractor must contact the COR, Director/Assistant Director, or Contracting Officer (CO) for guidance.",2026-06-26 09:36:38
PELDISC-000059,PEL-000101,CGS-000101,no_expression_family_match,,needs_review,"Any doubts as to proper procedures shall be brought to the attention of the COR, Director/Assistant Director, or",2026-06-26 09:36:38
PELDISC-000060,PEL-000102,CGS-000102,no_expression_family_match,,needs_review,"Department of Veterans Affairs National Cemetery Administration, Contract Services 18434 Joplin Road Triangle, VA 22172 Place of Performance:",2026-06-26 09:36:38
PELDISC-000061,PEL-000103,CGS-000103,no_expression_family_match,,needs_review,"Black Hills National Cemetery 20901 Pleasant Valley Dr, Sturgis, SD 57785 Attachments:",2026-06-26 09:36:38
PELDISC-000062,PEL-000106,CGS-000106,no_expression_family_match,,needs_review,Contractor is responsible for submitting their package in accordance with the guidance in this solicitation.,2026-06-26 09:36:38
PELDISC-000063,PEL-000107,CGS-000107,no_expression_family_match,,needs_review,Failure to follow the document format or the solicitation guidelines will render the submission,2026-06-26 09:36:38
PELDISC-000064,PEL-000108,CGS-000108,no_expression_family_match,,needs_review,Notice of Intent #FDA-SS-26-06202026 The Food and Drug Administration intends to make sole source awards to the following:,2026-06-26 09:36:38
PELDISC-000065,PEL-000110,CGS-000110,no_expression_family_match,,needs_review,Any other firms desiring consideration must fully identify their interest and capability to provide this service or submit a proposal within 7 days to the individual listed.,2026-06-26 09:36:38
PELDISC-000066,PEL-000115,CGS-000115,no_expression_family_match,,needs_review,"This is a REQUEST FOR INFORMATION (RFI) ONLY, not a Request for Quote (RFQ) and does not commit the Government to award a contract now or in the future.",2026-06-26 09:36:38
PELDISC-000067,PEL-000116,CGS-000116,no_expression_family_match,,needs_review,Submission of any information in response to this market survey is purely voluntary and FDA welcomes responses from all interested parties;,2026-06-26 09:36:38
PELDISC-000068,PEL-000117,CGS-000117,no_expression_family_match,,needs_review,The FDA will use the results of the market research to determine if sources are capable of satisfying the agency's requirements exist based on the response received to the Government's questions contained in this notice.,2026-06-26 09:36:38
PELDISC-000069,PEL-000119,CGS-000119,no_expression_family_match,,needs_review,"DATE ISSUED PAGE OF PAGES SOLICITATION, OFFER, AND AWARD X SEALED BID (IFB) 1 73 05/01/2026 (Construction, Alteration, or Repair) 36C78626B0017 NEGOTIATED (RFP) IMPORTANT - The ""offer"" section on the reverse must be fully completed by offeror.",2026-06-26 09:36:38
PELDISC-000070,PEL-000120,CGS-000120,no_expression_family_match,,needs_review,ADDRESS OFFER TO Department of Veterans Affairs Daniel.kinney@va.gov National Cemetery Administration Contracting Services 18434 Joplin Road Triangle VA 22172 9.,2026-06-26 09:36:38
PELDISC-000071,PEL-000122,CGS-000122,no_expression_family_match,,needs_review,"THE GOVERNMENT REQUIRES PERFORMANCE OF THE WORK DESCRIBED IN THESE DOCUMENTS (Title, identifying number, date) Project Title:",2026-06-26 09:36:38
PELDISC-000072,PEL-000125,CGS-000125,no_expression_family_match,,needs_review,"an equitable and open process that serves both industry and the public good, the American National Standards Institute (ANSI, or the ""Institute"") accredits standards developing organizations (SDOs) against a set of criteria to assure openness, balance, due process, and consensus in standards development - ANSI's ""Essential Requirements."" The Institute does not develop standards itself;",2026-06-26 09:36:38
PELDISC-000073,PEL-000126,CGS-000126,no_expression_family_match,,needs_review,"rather, ANSI-accredited SDOs may submit their documents for approval as American National Standards (ANS).",2026-06-26 09:36:38
PELDISC-000074,PEL-000127,CGS-000127,no_expression_family_match,,needs_review,Standard Operating Procedure National Cemetery Administration CONTRACTOR SAFETY 1.,2026-06-26 09:36:38
PELDISC-000075,PEL-000128,CGS-000128,no_expression_family_match,,needs_review,"The National Cemetery (NCA) program will establish procedures and practices that comply with VA policy, NCA policy, and current Occupational Safety and Health Administration (OSHA) Standards in providing a safe work environment for its employees and volunteers.",2026-06-26 09:36:38
PELDISC-000076,PEL-000129,CGS-000129,no_expression_family_match,,needs_review,This program outlines procedures to follow but it is not intended to supersede the requirements detailed in the applicable OSHA Standards.,2026-06-26 09:36:38
PELDISC-000077,PEL-000130,CGS-000130,no_expression_family_match,,needs_review,The Contractor Safety Program will be implemented and maintained through training and safe work practice procedures.,2026-06-26 09:36:38
PELDISC-000078,PEL-000131,CGS-000131,no_expression_family_match,,needs_review,Facility Directors are responsible for the implementation and evaluation of this program at their facilities.,2026-06-26 09:36:38
PELDISC-000079,PEL-000132,CGS-000132,no_expression_family_match,,needs_review,Facility Directors will ensure that employees are provided the proper equipment and training to protect them from all hazardous conditions in the workplace and comply with OSHA Standards and recognized safe work practices.,2026-06-26 09:36:38
PELDISC-000080,PEL-000134,CGS-000134,no_expression_family_match,,needs_review,"LOWBOY TRUCK...$ 11.00 0.00 TRUCK DRIVER, INCLUDES DUMP TRUCK...$ 11.07 0.00 OPERATOR:",2026-06-26 09:36:38
PELDISC-000081,PEL-000135,CGS-000135,no_expression_family_match,,needs_review,"Cape Canaveral National Cemetery Shrine Project- Grass Renovation FY26 Shrine Project Cape Canaveral National Cemetery Ornamental Grass Renovation and Irrigation Shrine Project SOW General Information The Department of Veterans Affairs, National Cemetery Administration honors veterans with a final resting place and lasting memorials that commemorate their service to our Nation.",2026-06-26 09:36:38
PELDISC-000082,PEL-000136,CGS-000136,no_expression_family_match,,needs_review,"The standards of maintenance, appearance and operational procedures performed by the contractor at this cemetery shall reflect this nation's concern for those interred there.",2026-06-26 09:36:38
PELDISC-000083,PEL-000137,CGS-000137,no_expression_family_match,,needs_review,"For this reason, the contractor's strict adherence to the specifications shall be required and shall be essential.",2026-06-26 09:36:38
PELDISC-000084,PEL-000139,CGS-000139,no_expression_family_match,,needs_review,Ornamental grasses shall be Fountain Grass (Pennisetum Setaceum 'Alba White')- (approx.,2026-06-26 09:36:38
PELDISC-000085,PEL-000140,CGS-000140,no_expression_family_match,,needs_review,"Could the government please provide Contractor Laydown Area Info, including location, dimensions, and if laydown will have water/electric access available?",2026-06-26 09:36:38
PELDISC-000086,PEL-000144,CGS-000144,no_expression_family_match,,needs_review,"Can the Government provide as-built drawings and pump station information including pump curves, flow rates, piping sizes, electrical service, and available footprint for the injection system?",2026-06-26 09:36:38
PELDISC-000087,PEL-000149,CGS-000149,no_expression_family_match,,needs_review,ADMINISTERED BY (If other than Item 6) CODE 36C786 Department of Veterans Affairs Department of Veterans Affairs National Cemetery Administration National Cemetery Administration Contracting Services Contracting Services 18434 Joplin Road 18434 Joplin Road Triangle VA 22172 Triangle VA 22172 8.,2026-06-26 09:36:38
PELDISC-000088,PEL-000152,CGS-000152,no_expression_family_match,,needs_review,"(a) By completing Items 8 and 15, and returning ___1_ ___ copies of the amendment;",2026-06-26 09:36:38
PELDISC-000089,PEL-000153,CGS-000153,no_expression_family_match,,needs_review,or (c) By separate letter or electronic communication which includes a reference to the solicitation and amend,2026-06-26 09:36:38
PELDISC-000090,PEL-000154,CGS-000154,no_expression_family_match,,needs_review,See Instructions at www.dol.gov/whd/forms/wh347instr.htm) Persons are not required to respond to the collection of information unless it displays a currently valid OMB control number.,2026-06-26 09:36:38
PELDISC-000091,PEL-000155,CGS-000155,no_expression_family_match,,needs_review,§ 5.5(a)(3)(ii) require contractors to submit weekly a copy of all payrolls to the Federal agency,2026-06-26 09:36:38
PELDISC-000092,PEL-000156,CGS-000156,no_expression_family_match,,needs_review,EMPLOYEE RIGHTS UNDER THE DAVIS-BACON ACT FOR LABORERS AND MECHANICS EMPLOYED ON FEDERAL OR FEDERALLY ASSISTED CONSTRUCTION PROJECTS PREVAILING You must be paid not less than the wage rate listed in the Davis-Bacon Wage Decision posted with this Notice for the work you perform.,2026-06-26 09:36:38
PELDISC-000093,PEL-000157,CGS-000157,no_expression_family_match,,needs_review,WAGES OVERTIME You must be paid not less than one and one-half times your basic rate of pay for all hours worked over 40 in a work week.,2026-06-26 09:36:38
PELDISC-000094,PEL-000158,CGS-000158,no_expression_family_match,,needs_review,"ENFORCEMENT Contract payments can be withheld to ensure workers receive wages and overtime pay due, and liquidated damages may apply if overtime pay requirements are not met.",2026-06-26 09:36:38
PELDISC-000095,PEL-000159,CGS-000159,no_expression_family_match,,needs_review,"A contractor who falsifies certified payroll records or induces wage kickbacks may be subject to civil or criminal prosecution, fines and/or imprisonment.",2026-06-26 09:36:38
PELDISC-000096,PEL-000160,CGS-000160,no_expression_family_match,,needs_review,Kinney Contract Specialist Department of Veterans Affairs National Cemetery Administration Email:,2026-06-26 09:36:38
PELDISC-000097,PEL-000164,CGS-000164,no_expression_family_match,,needs_review,Other direct costs may be excluded to the extent they are not the principal purpose of the acquisition and small business concerns do not provide the service as set forth in 13 CFR 125.6.,2026-06-26 09:36:38
PELDISC-000098,PEL-000166,CGS-000166,no_expression_family_match,,needs_review,"This is a non-personnel services contract to provide Defense Enrollment and Eligibility Reporting System (DEERS)/ Real Time Automated Personnel Identification System (RAPIDS) Common Access Card (CAC) support services for the Installation Management Command (IMCOM) at Fort Bragg, North Carolina.",2026-06-26 09:36:38
PELDISC-000099,PEL-000167,CGS-000167,no_expression_family_match,,needs_review,The Government will not exercise any supervision or control over the contract service providers performing the services herein.,2026-06-26 09:36:38
PELDISC-000100,PEL-000168,CGS-000168,no_expression_family_match,,needs_review,"Such contract service providers shall be accountable solely to the Contractor who, in turn is responsible to the Government.",2026-06-26 09:36:38
PELDISC-000101,PEL-000169,CGS-000169,no_expression_family_match,,needs_review,"The Contractor shall provide all personnel, equipment, supplies, facilities, transportation, tools, materials, supervision, and other items and non-personal services necessary to perform the verification and issuance of military identification (USID) and CAC cards for active duty military, Reserve and National Guard members, military retirees, family members, Department of Defense (DoD) civilians and other eligible recipients, as defined in this PWS, except for those items specified as government furnished property and services.",2026-06-26 09:36:38
PELDISC-000102,PEL-000170,CGS-000170,no_expression_family_match,,needs_review,ADMINISTERED BY CODE 36C262 Department of Veterans Affairs Department of Veterans Affairs Long Beach VA Healthcare System Network Contracting Office 22 Tibor Rubin Medical Center 4811 Airport Plaza Drive 5901 E.,2026-06-26 09:36:38
PELDISC-000103,PEL-000173,CGS-000173,no_expression_family_match,,needs_review,"Section B.3 (Price/Cost Schedule, page 8) lists a quantity of 48 units for the same item.",2026-06-26 09:36:38
PELDISC-000104,PEL-000174,CGS-000174,no_expression_family_match,,needs_review,Please confirm which quantity governs for quoting and contract performance-64 per the SOW or 48 per the Price/Cost Schedule-and issue an amendment or written clarification before the offer due date.,2026-06-26 09:36:38
PELDISC-000105,PEL-000176,CGS-000176,no_expression_family_match,,needs_review,"Should offerors quote the annual subscription cost for the base year only, or should the quote reflect a multi-year term?",2026-06-26 09:36:38
PELDISC-000106,PEL-000178,CGS-000178,no_expression_family_match,,needs_review,Question 3 - OEM Authorization Letter Requirements Section E.2.5 requires offerors to submit an OEM authorization letter dated no more than 90 days,2026-06-26 09:36:38
PELDISC-000107,PEL-000180,CGS-000180,no_expression_family_match,,needs_review,All contract administration matters will be handled by the following individuals:,2026-06-26 09:36:38
PELDISC-000108,PEL-000182,CGS-000182,no_expression_family_match,,needs_review,All Invoices from the contractor shall be submitted electronically in accordance with VAAR Clause 852.232-72 Electronic Submission of Payment Requests.,2026-06-26 09:36:38
PELDISC-000109,PEL-000183,CGS-000183,no_expression_family_match,,needs_review,The offeror acknowledges receipt of amendments to the Solicitation numbered and dated as follows:,2026-06-26 09:36:38
PELDISC-000110,PEL-000184,CGS-000184,no_expression_family_match,,needs_review,"The services to be provided by the contractor under this agreement shall consist of furnishing all necessary parts, labor, transpor",2026-06-26 09:36:38
PELDISC-000111,PEL-000186,CGS-000186,no_expression_family_match,,needs_review,"ADMINISTERED BY (if other than Item CODE 6) FA5682 31 CONS DA LGC UNIT 6102 BOX 140, APO AE 09604-6102 APO, AE 09604-6102 SCD:",2026-06-26 09:36:38
PELDISC-000112,PEL-000188,CGS-000188,no_expression_family_match,,needs_review,METHOD OF SOLICITATION UNLESS BLOCK IS MARKED THE DEFENSE PRIORITIES REQUEST FOR INVITATION REQUEST FOR SEE SCHEDULE AND ALLOCATIONS QUOTE (RFQ) FOR BID (IFB) PROPOSAL (RFP) SYSTEM-DPAS (15 CFR 700) 15.,2026-06-26 09:36:38
PELDISC-000113,PEL-000189,CGS-000189,no_expression_family_match,,needs_review,"Could you please confirm whether the delivery location has a loading dock available, or if a lift gate will be required for delivery?",2026-06-26 09:36:38
PELDISC-000114,PEL-000190,CGS-000190,no_expression_family_match,,needs_review,The requirement we are looking for should fit pelican cases (as picture attached).,2026-06-26 09:36:38
PELDISC-000115,PEL-000191,CGS-000191,no_expression_family_match,,needs_review,"Looking at the questions and answers loaded toady, Please also advise that as per the Salient+Characteristics attachment The units will be a minimum 42"" wide, 24"" deep and 78"" tall, are other dimensions also acceptable?",2026-06-26 09:36:38
PELDISC-000116,PEL-000192,CGS-000192,no_expression_family_match,,needs_review,"Our quoting process includes the internals as we will need to include them in the build, the quote will be for a total solution of x lockers, each locker will have hooks, shelves, bar etc as per a shown layout.",2026-06-26 09:36:38
PELDISC-000117,PEL-000193,CGS-000193,no_expression_family_match,,needs_review,The quote was pushed with separate internals of the lockers because the User requested more shelves.,2026-06-26 09:36:38
PELDISC-000118,PEL-000195,CGS-000195,no_expression_family_match,,needs_review,"As far as I can see, you have not included an installation line on the solicitation.",2026-06-26 09:36:38
PELDISC-000119,PEL-000196,CGS-000196,no_expression_family_match,,needs_review,Are you planning to use non manufacturer trained personnel to build and install them?,2026-06-26 09:36:38
PELDISC-000120,PEL-000197,CGS-000197,no_expression_family_match,,needs_review,"Yes, the already indicated preferred dimensions are the minimum size required Q 9 :",2026-06-26 09:36:38
PELDISC-000121,PEL-000198,CGS-000198,no_expression_family_match,,needs_review,This requirement is for 25 gear lockers for proper storage of personnel UTC items and pro gear.,2026-06-26 09:36:38
PELDISC-000122,PEL-000200,CGS-000200,no_expression_family_match,,needs_review,"However, if pre-built, the lockers should have the option for adjustable shelving so the locker can better fit the requirement.",2026-06-26 09:36:38
PELDISC-000123,PEL-000201,CGS-000201,no_expression_family_match,,needs_review,SECURITY AGREEMENT FOR PROTECTION OF NAVAL NUCLEAR PROPULSION INFORMATION The undersigned acknowledges that he/she will be provided specifications or documents as part of SPMYM326Q1134/SPMYM326P1134 which are marked as containing sensitive information which is controlled pursuant to federal law.,2026-06-26 09:36:38
PELDISC-000124,PEL-000202,CGS-000202,no_expression_family_match,,needs_review,"These specifications and documents and the information contained therein, shall be used only for the purpose of preparing quotations or processing orders, and shall in no case be transmitted outside the company or to any foreign national within the company.",2026-06-26 09:36:38
PELDISC-000125,PEL-000203,CGS-000203,no_expression_family_match,,needs_review,"While in use, the specifications shall be maintained under surveillance and shall be kept secure, so as to preclude access by any persons who do not have a legitimate need to view them.",2026-06-26 09:36:38
PELDISC-000126,PEL-000204,CGS-000204,no_expression_family_match,,needs_review,"The specifications and documents shall not be copied, and unless otherwise permitted by the Contracting Officer, shall be returned in their entirety to the Portsmouth Naval Shipyard upon completion of the contract.",2026-06-26 09:36:38
PELDISC-000127,PEL-000205,CGS-000205,no_expression_family_match,,needs_review,REQUEST FOR QUOTATION SPMYM326Q1134 ** THIS IS NOT AN ORDER ** PLEASE PROVIDE DELIVERED PRICES (FOB DESTINATION) REFERENCE/PR:,2026-06-26 09:36:38
PELDISC-000128,PEL-000207,CGS-000207,no_expression_family_match,,needs_review,"As used in this provision, ""covered telecommunications equipment or services"" and ""reasonable inquiry"" have the meaning provided in the clause 52.204-25, Prohibition on Contracting for Certain Telecommunications and Video Surveillance Services or Equipment.",2026-06-26 09:36:38
PELDISC-000129,PEL-000209,CGS-000209,no_expression_family_match,,needs_review,"The Offeror represents that it [__] does, [__] does not provide covered telecommunications equipment or services as a part of its offered products or services to the Government in the performance of any contract, subcontract, or other contractual instrument.",2026-06-26 09:36:38
PELDISC-000130,PEL-000210,CGS-000210,no_expression_family_match,,needs_review,"(End of provision) 52.204-24 REPRESENTATION REGARDING CERTAIN TELECOMMUNICATIONS AND VIDEO SURVEILLANCE SERVICES OR EQUIPMENT (NOV 2021) {MUST BE FILLED IN, if ""does"" in 52.204-26} The Offeror shall not complete the representation at paragraph (d)(",2026-06-26 09:36:38
PELDISC-000131,PEL-000211,CGS-000211,no_expression_family_match,,needs_review,It is neither a solicitation announcement nor a request for proposals or quotes and does not obligate the Government to award a contract.,2026-06-26 09:36:38
PELDISC-000132,PEL-000213,CGS-000213,no_expression_family_match,,needs_review,Unrestricted - no set-aside Responses to this notice shall include the following:,2026-06-26 09:36:38
PELDISC-000133,PEL-000215,CGS-000215,no_expression_family_match,,needs_review,REQUISITION/PURCHASE NUMBER SEALED BID (IFB) INVITATION FOR BID NEGOTIATED (RFP) REQUEST FOR PROPOSAL 7.,2026-06-26 09:36:38
PELDISC-000134,PEL-000216,CGS-000216,no_expression_family_match,,needs_review,"Sealed offers in original and copies for furnishings the supplies or services in the Schedule will be received at the place specified in item 8, or if hand carried, in the depository located in until local time (Hour) (Date) CAUTION - LATE Submissions, Modifications, and Withdrawals:",2026-06-26 09:36:38
PELDISC-000135,PEL-000218,CGS-000218,no_expression_family_match,,needs_review,"Summary of Changes - Amendment 09 - Sections L & M and Attachment 0002 Scorecard Section L - Instructions to Offerors • L.2.3.3 QP Submission Vacancy Rate, Time to Fill Rate, Schedule and Completeness:",2026-06-26 09:36:38
PELDISC-000136,PEL-000222,CGS-000222,no_expression_family_match,,needs_review,Appendix A Portal Instructions for Submission of MAPS Proposals Amendment 03 - 22 April 2026 Registration Instructions:,2026-06-26 09:36:38
PELDISC-000137,PEL-000224,CGS-000224,no_expression_family_match,,needs_review,IF NEEDED OFFERORS CAN HAVE ONE (1) ALTERNATE PERSON REGISTER IN THE CASE OF AN EMERGENCY.*** In order to submit a proposal for the MAPS acquisition all Offerors shall register through the following link to create their profiles.,2026-06-26 09:36:38
PELDISC-000138,PEL-000225,CGS-000225,no_expression_family_match,,needs_review,"https://chess.army.mil/proposal/default/index Once you are on the portal home page, in the top right corner there is an icon of a person.",2026-06-26 09:36:38
PELDISC-000139,PEL-000226,CGS-000226,no_expression_family_match,,needs_review,"Once you click register you will be brought to a new page, following the instructions on the page enter all required information.",2026-06-26 09:36:38
PELDISC-000140,PEL-000227,CGS-000227,no_expression_family_match,,needs_review,"1 Enter First Name, Last Name, Email Address, and create a Password Enter the Address and Phone Number of your Company For Service or Agency select Not Applicable Click SUBMIT to create your profile.",2026-06-26 09:36:38
PELDISC-000141,PEL-000228,CGS-000228,no_expression_family_match,,needs_review,In order to access the portal submission page after registration Offerors shall use the same link as above:,2026-06-26 09:36:38
PELDISC-000142,PEL-000230,CGS-000230,no_expression_family_match,,needs_review,"Once you have created your profile, you will now have access to the submission page (please use the following link to access the submission page https://chess.army.mil/proposal/default/index).",2026-06-26 09:36:38
PELDISC-000143,PEL-000233,CGS-000233,no_expression_family_match,,needs_review,LARGE BUSINESS Management and Advisory Services YES SMALL BUSINESS Domain NO COMMERCIAL-SECTOR VENDOR Select your Business Size for this Domain:,2026-06-26 09:36:38
PELDISC-000144,PEL-000234,CGS-000234,no_expression_family_match,,needs_review,Joint Venture/Mentor Protégé Information (if applicable) *If proposing as a JV Offerors shall submit your written agreement with the Cover Letter **If proposing as a Mentor Protégé Offerors shall provide verification of the SBA signed agreement with the Cover Letter Are you proposing as a JV?,2026-06-26 09:36:38
PELDISC-000145,PEL-000236,CGS-000236,no_expression_family_match,,needs_review,"The enterprise must meet the definition of ""Indian Economic Enterprise"" throughout the following time periods:",2026-06-26 09:36:38
PELDISC-000146,PEL-000237,CGS-000237,no_expression_family_match,,needs_review,"At any point during these periods, if the Contractor no longer meets the eligibility requirements, the contractor must provide immediate written notification to the Contracting Officer.",2026-06-26 09:36:38
PELDISC-000147,PEL-000238,CGS-000238,no_expression_family_match,,needs_review,"§ 164.502(e), the Indian Health Service (IHS), as a covered entity, is required to enter into an agreement with a ""business associate,"" as defined by 45 C.F.R.",2026-06-26 09:36:38
PELDISC-000148,PEL-000239,CGS-000239,no_expression_family_match,,needs_review,"§ 160.103, under which the business associate must agree to appropriately safeguard Protected Health Information (PHI) that it will use and disclose when performing functions, activities or services pursuant to its contract with the IHS.",2026-06-26 09:36:38
PELDISC-000149,PEL-000242,CGS-000242,no_expression_family_match,,needs_review,"""Business Associate"" shall generally have the same meaning as the term ""business associate"" at 45 C.F.R.",2026-06-26 09:36:38
PELDISC-000150,PEL-000245,CGS-000245,no_expression_family_match,,needs_review,This performance work statement describes the requirements for non-personal services for a(n) EMERGENCY PHYSICIAN) to support the mission of the Indian Health Service (IHS).,2026-06-26 09:36:38
PELDISC-000151,PEL-000246,CGS-000246,no_expression_family_match,,needs_review,Department of Health and Human Services and is responsible for providing federal health services to American Indians and Alaska Natives.,2026-06-26 09:36:38
PELDISC-000152,PEL-000247,CGS-000247,no_expression_family_match,,needs_review,The IHS is the principal federal health care provider and health advocate for the Indian people.,2026-06-26 09:36:38
PELDISC-000153,PEL-000248,CGS-000248,no_expression_family_match,,needs_review,The IHS currently provides health services to approximately 1.5 million American In,2026-06-26 09:36:38
PELDISC-000154,PEL-000249,CGS-000249,no_expression_family_match,,needs_review,Quotes are being requested and a separate written solicitation will not be issued.,2026-06-26 09:36:38
PELDISC-000155,PEL-000252,CGS-000252,no_expression_family_match,,needs_review,"The period of performance for this requirement will be set up with a base period of 12 continuous months, followed by 2 additional option periods of 12 months each, for a potential total of 36 months of service.",2026-06-26 09:36:38
PELDISC-000156,PEL-000254,CGS-000254,no_expression_family_match,,needs_review,Safety Management Plan ADD YOUR COMPANY NAME AND DATA Project:__ ADD THE NAME OF YOUR PROJECT HERE Location:___ ADD THE PROJECT LOCATION HERE Date:,2026-06-26 09:36:38
PELDISC-000157,PEL-000257,CGS-000257,no_expression_family_match,,needs_review,"The responsibilities and other issues declared in this document will be applied to all the stages of the project, extra or different requirements will be established directly by the Project Manager and/or the POSHO when needed.",2026-06-26 09:36:38
PELDISC-000158,PEL-000259,CGS-000259,no_expression_family_match,,needs_review,The contractor will follow the more restrictive standard between the Safety and Health Requirements Manual established by the US Army Corps of Engineers (http://www.publications.usace.army.mil/Portals/76/Publications/EngineerManuals/EM_385-1-1.pdf) or the Mexican laws on industrial safety as established by the Ministry of Labor as follows:,2026-06-26 09:36:38
PELDISC-000159,PEL-000260,CGS-000260,no_expression_family_match,,needs_review,General Safety Requirements The contractor must demonstrate understanding of his/her responsibilities related to the safety requirements by addressing hazards in preplanning processes and meetings.,2026-06-26 09:36:38
PELDISC-000160,PEL-000262,CGS-000262,no_expression_family_match,,needs_review,"The asset inventory in Attachment B lists only bi-folding gates, control panels, and gate backup UPS units.",2026-06-26 09:36:38
PELDISC-000161,PEL-000263,CGS-000263,no_expression_family_match,,needs_review,"Can the Government please clarify if any generator systems are included under this contract's technical scope, or if these references are administrative errors?",2026-06-26 09:36:38
PELDISC-000162,PEL-000265,CGS-000265,no_expression_family_match,,needs_review,"SBU - CONTRACTING AND ACQUISITIONS 19MX5326Q0043 Anti-climb Bi-folding gates Q8 RFP Section 10 - Software, Licenses and Passwords states that copies of software and licenses needed to control or adjust the module must be given to post.",2026-06-26 09:36:38
PELDISC-000163,PEL-000266,CGS-000266,no_expression_family_match,,needs_review,"Is the contractor expected to purchase new software licenses within the fixed-price base rate, or will the Embassy provide existing proprietary software tools to our technicians on-site?",2026-06-26 09:36:38
PELDISC-000164,PEL-000268,CGS-000268,no_expression_family_match,,needs_review,Embassy in Mexico City requires preventive maintenance services for the Anti-Climb bi-folding gates.,2026-06-26 09:36:38
PELDISC-000165,PEL-000270,CGS-000270,no_expression_family_match,,needs_review,"ADMINISTERED BY CODE United States Embassy Mexico City United States Embassy Mexico City Facility Management Office Facility Management Office Presa Angostura 225, Irrigación, 11500, Presa Angostura 225, Irrigación, 11500, CDMX, Mexico CDMX, Mexico Ciudad de Mexico.",2026-06-26 09:36:38
PELDISC-000166,PEL-000271,CGS-000271,no_expression_family_match,,needs_review,19MX5326Q0043 for Anti-Climb bi-folding gates maintenance The Embassy of the United States of America invites you to submit a quote Anti-Climb bi-folding gates maintenance to be performed at the U.S.,2026-06-26 09:36:38
PELDISC-000167,PEL-000272,CGS-000272,no_expression_family_match,,needs_review,"Your quote must be submitted to the address shown on paragraph 3.3.2.2 - Submission Date and Address under Section 3 of the solicitation document on or before 12:00 hours (noon), Mexico City's local time on Friday, June 19, 2026.",2026-06-26 09:36:38
PELDISC-000168,PEL-000274,CGS-000274,no_expression_family_match,,needs_review,"In order for a quote to be considered, you must also complete and submit the following:",2026-06-26 09:36:38
PELDISC-000169,PEL-000276,CGS-000276,no_expression_family_match,,needs_review,o Base Year pricing (CLINs 001-002) o Option Year 1 pricing (CLINs 101-102) II o Option Year 2 pricing (CLINs 201-202) o Repair labor rates (Section 1.7.1)  Currency clearly identified per Section 1.4  Value Added Tax (VAT) calculated separately if applicable per Section 1.5 The Embassy intends to conduct a site,2026-06-26 09:36:38
PELDISC-000170,PEL-000282,CGS-000282,no_expression_family_match,,needs_review,The government requires material specified and the government will be installing the canopy.,2026-06-26 09:36:38
PELDISC-000171,PEL-000284,CGS-000284,no_expression_family_match,,needs_review,"In Section 1, the requirement states 2 shades of 20' x 25' each (overall 40' x 25'), while Section 9C refers to a 40' x 40' shade.",2026-06-26 09:36:38
PELDISC-000172,PEL-000285,CGS-000285,no_expression_family_match,,needs_review,"2 - 20'x25' or 1 - 40'x25' • Additionally, please let us know whether the specifications are flexible or if they are strict, non-negotiable requirements.",2026-06-26 09:36:38
PELDISC-000173,PEL-000287,CGS-000287,no_expression_family_match,,needs_review,"The specification document references field connections ""indicated on the drawings"".",2026-06-26 09:36:38
PELDISC-000174,PEL-000288,CGS-000288,no_expression_family_match,,needs_review,Can the government provide the official engineering or architectural drawings/schematics for these structures?,2026-06-26 09:36:38
PELDISC-000175,PEL-000289,CGS-000289,no_expression_family_match,,needs_review,"Can you clarify if the government requires a poured-in-place concrete footing below grade for surface mounting, or if a direct-bury method is anticipated?",2026-06-26 09:36:38
PELDISC-000176,PEL-000290,CGS-000290,no_expression_family_match,,needs_review,"If concrete footings are required, please provide the minimum depth and PSI requirements.",2026-06-26 09:36:38
PELDISC-000177,PEL-000291,CGS-000291,no_expression_family_match,,needs_review,The government requires everything specified and the government will be installing the canopy.,2026-06-26 09:36:38
PELDISC-000178,PEL-000292,CGS-000292,no_expression_family_match,,needs_review,"All structural shapes shall be cold formed hss astm a500 grade c, unless otherwise noted, typical mechanical properties for hss products:",2026-06-26 09:36:38
PELDISC-000179,PEL-000294,CGS-000294,no_expression_family_match,,needs_review,All steel tubing shall be triple coated for rust protection using the in-line electroplating Coat process.,2026-06-26 09:36:38
PELDISC-000180,PEL-000295,CGS-000295,no_expression_family_match,,needs_review,Tubing shall be internally coated with zinc and organic coatings to prevent corrosion As manufactured by allied tube & conduit.,2026-06-26 09:36:38
PELDISC-000181,PEL-000296,CGS-000296,no_expression_family_match,,needs_review,"Structural steel shall be detailed, fabricated and erected in accordance with a.i.s.c.",2026-06-26 09:36:38
PELDISC-000182,PEL-000297,CGS-000297,no_expression_family_match,,needs_review,"This is a combined synopsis/solicitation for Shade Structure Canopy in accordance with the format in FAR 12.6, as supplemented with additional information included in this notice.",2026-06-26 09:36:38
PELDISC-000183,PEL-000298,CGS-000298,no_expression_family_match,,needs_review,"The 164th Airlift Wing located at 4593 Swinnea Memphis, TN 38118, is issuing a combined synopsis/solicitation for a single award contract to be prepared in accordance with the format in FAR 12.6, as supplemented with additional information included in this notice.",2026-06-26 09:36:38
PELDISC-000184,PEL-000299,CGS-000299,no_expression_family_match,,needs_review,"The North American Industry Classification System (NAICS) Code for this requirement is 314910 Textile Bag and Canvas Mills, with a Small Business size standard of 500 employees.",2026-06-26 09:36:38
PELDISC-000185,PEL-000300,CGS-000300,no_expression_family_match,,needs_review,This Request for Quote (RFQ) for Shade Structure Canopy is being set aside for Total Small Businesses.,2026-06-26 09:36:38
PELDISC-000186,PEL-000302,CGS-000302,no_expression_family_match,,needs_review,"If you cannot quote all items requested in this RFQ, please submit quote on what you can provide, as it may be considered if government determines best for the government, however it's the government's intent to award to a vendor who can provide all that is requested.",2026-06-26 09:36:38
PELDISC-000187,PEL-000303,CGS-000303,no_expression_family_match,,needs_review,"Meaning, the goal of this solicitation is to find a small business to meet the requirements of the 164th Airlift Wing.",2026-06-26 09:36:38
PELDISC-000188,PEL-000307,CGS-000307,no_expression_family_match,,needs_review,"Statements or comments provided in the questionnaire do not signify an express or implied endorsement of any product, supply, service, or enterprise.",2026-06-26 09:36:38
PELDISC-000189,PEL-000308,CGS-000308,no_expression_family_match,,needs_review,"This information shall not be construed as an endorsement by the Government or its employee(s) of the contractor for advertising purposes or in a manner that implies the contractor, its products, or services, are approved, endorsed, or considered by the Government to be superior to other products or services.",2026-06-26 09:36:38
PELDISC-000190,PEL-000309,CGS-000309,no_expression_family_match,,needs_review,"The contractor shall not be permitted to use any information provided in this questionnaire to publicize, or otherwise circulate, promotional materials that state or imply Governmental, organizational, group, expert, or individual endorsement or consumer testimonial of a product, service, or position which the contractor represents.",2026-06-26 09:36:38
PELDISC-000191,PEL-000310,CGS-000310,no_expression_family_match,,needs_review,"DIAR 1452.203-70 Restriction on Endorsements - Department of the interior (JUL 1996) The Contractor shall not refer to contracts awarded by the Department of the Interior in commercial advertising, as defined in FAR 31.205-1, in a manner which states or implies that the product or service provided is approved or endorsed by the Government or is considered by the Government to be superior to other products or services.",2026-06-26 09:36:38
PELDISC-000192,PEL-000311,CGS-000311,no_expression_family_match,,needs_review,"ISSUED BY CODE PNN 7.ADMINISTERED BY (If other than Item 6)CODE NPS, NER - NE MABO Boston National Historical Park Charlestown Navy Yard Building I-1 Boston MA 02129-4543 8.",2026-06-26 09:36:38
PELDISC-000193,PEL-000315,CGS-000315,no_expression_family_match,,needs_review,"DATE ISSUED PAGE OF PAGES AND AWARD 140P4326R0013 SEALED BID (IFB) INVITATION FOR BID 05/15/2026 1 55 (Construction, Alteration, or Repair) NEGOTIATED (RFP) REQUEST FOR PROPOSAL IMPORTANT - The ""offer"" section on the reverse must be fully completed by offeror.",2026-06-26 09:36:38
PELDISC-000194,PEL-000316,CGS-000316,no_expression_family_match,,needs_review,(Include area code) (NO COLLECT CALLS) INFORMATION CALL Samuel McKenzie 0000000000 SOLICITATION NOTE:,2026-06-26 09:36:38
PELDISC-000195,PEL-000317,CGS-000317,no_expression_family_match,,needs_review,"THE GOVERNMENT REQUIRES PERFORMANCE OF THE WORK DESCRIBED IN THESE DOCUMENTS (Title, identifying number, date) The National Park Service, Northeast Region, New England Major Acquisition Buying Office, is issuing this Request for Proposal (RFP) for a construction requirement at George Washington Birthplace National Monument at Colonial Beach, Virginia.",2026-06-26 09:36:38
PELDISC-000196,PEL-000318,CGS-000318,no_expression_family_match,,needs_review,Detailed Specifications and Drawings and are provided with final solicitation documents.,2026-06-26 09:36:38
PELDISC-000197,PEL-000319,CGS-000319,no_expression_family_match,,needs_review,This requirement is being solicited as a Service-Disabled Veteran-Owned Small Business,2026-06-26 09:36:38
PELDISC-000198,PEL-000321,CGS-000321,no_expression_family_match,,needs_review,"Please provide any available testing data, commissioning reports, or historical maintenance records for the existing geothermal well field.",2026-06-26 09:36:38
PELDISC-000199,PEL-000322,CGS-000322,no_expression_family_match,,needs_review,MBH THOUSAND BRITISH THERMAL ROUND RETURN OR AAV AUTOMATIC AIR VENT UNITS PER HOUR ROUND SUPPLY EXHAUST BALL VALVE AC AIR CONDITIONING MCA MINIMUM CIRCUIT AMPS 2.,2026-06-26 09:36:38
PELDISC-000200,PEL-000326,CGS-000326,no_expression_family_match,,needs_review,ORNL is reques*ng a quote for the same or domes*c equivalent of an EcoStruxure Panel Server Advanced (EnerlinX Series).,2026-06-26 09:36:38
PELDISC-000201,PEL-000334,CGS-000334,no_expression_family_match,,needs_review,"In the event of a conflict between the version or date of a clause set forth in this document and the version or date of a clause set forth in the identified Terms and Condition, the version or date of the clauses set forth in this document shall take precedence.",2026-06-26 09:36:38
PELDISC-000202,PEL-000335,CGS-000335,no_expression_family_match,,needs_review,"This document includes clauses that flow-down ORNL's mandatory US Government regulatory and customer obligations as defined in its contract with DOE to manage and operate Oak Ridge National Laboratory, Contract No.",2026-06-26 09:36:38
PELDISC-000203,PEL-000336,CGS-000336,no_expression_family_match,,needs_review,"To the extent that any clause included in this document is inapplicable to the performance of this contract, the parties shall consider such clauses to be self-deleting and shall not impose any obligations upon the Seller.",2026-06-26 09:36:38
PELDISC-000204,PEL-000339,CGS-000339,no_expression_family_match,,needs_review,"DEFINITIONS Unless otherwise indicated, the following terms shall have the meanings below:",2026-06-26 09:36:38
PELDISC-000205,PEL-000341,CGS-000341,no_expression_family_match,,needs_review,"(d) Agreement means Purchase Order, Subcontract, Price Agreement or any supplement and/or modification thereof.",2026-06-26 09:36:38
PELDISC-000206,PEL-000342,CGS-000342,no_expression_family_match,,needs_review,"RESOLUTION OF DISPUTES The parties agree that substantive issues presented for mediation, arbitration, dispute, claim, litigation, or other effort at resolution shall be determined in accordance with Federal law.",2026-06-26 09:36:38
PELDISC-000207,PEL-000345,CGS-000345,no_expression_family_match,,needs_review,2.1 ORDER OF PRECEDENCE Any inconsistencies between sections of the Agreement shall be resolved in accor,2026-06-26 09:36:38
PELDISC-000208,PEL-000346,CGS-000346,no_expression_family_match,,needs_review,Tony Benson tony.d.benson.civ@us.navy.mil ONLY THE FOLLOWING LIST OF CONTRACTORS MAY SUBMIT A PROPOSAL FOR THIS PROJECT:,2026-06-26 09:36:38
PELDISC-000209,PEL-000349,CGS-000349,no_expression_family_match,,needs_review,"Report Cover Page AE Design Repair G702 and HP135 Geotechnical Engineering Report MCAS New River & MCB Camp Lejeune, North Carolina November 25, 2025",2026-06-26 09:36:38
PELDISC-000210,PEL-000350,CGS-000350,no_expression_family_match,,needs_review,"317-C Pollock Street New Bern, North Carolina 25860 Geotechnical Engineering Report AE Design Repair G702 and HP135",2026-06-26 09:36:38
PELDISC-000211,PEL-000351,CGS-000351,no_expression_family_match,,needs_review,"25-0011 BASIS OF DESIGN Final Submittal UNCLASSIFIED//FOR OFFICIAL USE ONLY Repairs BEQ HP135 MBF Architects, P.A.",2026-06-26 09:36:38
PELDISC-000212,PEL-000352,CGS-000352,no_expression_family_match,,needs_review,ACI 318-19 Building Code Requirements for Structural Concrete ACI 360R-10 Guide to Design of Slabs-on-Ground ADA/ABA Americans with Disabilities Act (ADA) and Architectural Barrier Act (ABA) Accessibility Guidelines ASCE 7-22 Minimum Design Loads for Buildings and Other Structures ASHRAE 55 - 2023 - Thermal Environmental Conditions for Human Occupancy ASHRAE 62.1 - 2019 - Ventilation for Acceptable Indoor Ai,2026-06-26 09:36:38
PELDISC-000213,PEL-000355,CGS-000355,no_expression_family_match,,needs_review,FLOOR TILE MASTIC LIGHT FIXTURE HEAT SHIELDS ROOFING SEALANTS FEB06 MATRIX ACM IDENTIFIED INCLUDES:,2026-06-26 09:36:38
PELDISC-000214,PEL-000356,CGS-000356,no_expression_family_match,,needs_review,Refer to survey findings for additional information or contact the Asbestos Program Manager.,2026-06-26 09:36:38
PELDISC-000215,PEL-000358,CGS-000358,no_expression_family_match,,needs_review,"Finish Boards within HP135 BEQ Renovation CL Marine Corps Base, Camp Lejeune, NC Structural Interior Design Package interior design Point of Contact List A&E Architect Base Architectural Supervisor John Schmied, AIA, LEED AP BD+C Cathy Martin MBF Architects Architectural Design Branch/Public 317-C Pollock Street Works Division New Bern, NC 28560 1005 Michael Road (252) 637-6373 Camp Lejeune, North Carolina schmied@mbfarchitects.com 28547 (910) 451-0394 catherine.martin@usmc.mil A&E Interior Designer Jamie Kissel, NCIDQ, CID Within Interior Design 1008 Granby Street Norfolk, VA 23510 (757) 224-0489 jkissel@withindesigns.com within HP135 BEQ Renovation CL Marine Corps Base, Camp Lejeune, NC Structural Interior Design Package interior design SID Narrative INTERIOR DESIGN CRITERIA Interior Design work will comply with the latest edition of the following codes and standards:",2026-06-26 09:36:38
PELDISC-000216,PEL-000359,CGS-000359,no_expression_family_match,,needs_review,FC 1-300-09N Navy & Marine Corps Design Requirements UFC 1-200-01 DoD Building Code UFC 3-120-01 Design:,2026-06-26 09:36:38
PELDISC-000217,PEL-000360,CGS-000360,no_expression_family_match,,needs_review,Sign Standards UFC 3-120-10 Interior Design UFC 3-190-06 Protective Coatings and Paints INTERIOR BASIS OF DESIGN This Basis of Design Narrative outlines the proposed Structural Interior Design requirements for Repairs to BEQ H,2026-06-26 09:36:38
PELDISC-000218,PEL-000361,CGS-000361,no_expression_family_match,,needs_review,30 JUNE 2004 APPENDIX D BUILDING INFORMATION CHECKLIST Use Appendix D as a checklist of required information to be entered into the real property database.,2026-06-26 09:36:38
PELDISC-000219,PEL-000362,CGS-000362,no_expression_family_match,,needs_review,Provide this information for each Real Property Facility listed on the DD Form 1354 in a format that allows easy data entry into the real property system.,2026-06-26 09:36:38
PELDISC-000220,PEL-000363,CGS-000363,no_expression_family_match,,needs_review,"Normally this information is provided by the A/E electronically, often in XML format or GIS compatible format.",2026-06-26 09:36:38
PELDISC-000221,PEL-000365,CGS-000365,no_expression_family_match,,needs_review,"02/23 PRICE AND PAYMENT PROCEDURES 01 30 00 08/25 ADMINISTRATIVE REQUIREMENTS 01 31 23.13 20 05/17, CHG 7:",2026-06-26 09:36:38
PELDISC-000222,PEL-000366,CGS-000366,no_expression_family_match,,needs_review,"08/20 SMALL PROJECT CONSTRUCTION PROGRESS SCHEDULES 01 33 00 04/22 SUBMITTAL PROCEDURES SUBMITTAL REGISTER 01 33 29 02/21 SUSTAINABILITY REQUIREMENTS AND REPORTING 01 35 26 11/20, CHG 3:",2026-06-26 09:36:38
PELDISC-000223,PEL-000367,CGS-000367,no_expression_family_match,,needs_review,02/22 GOVERNMENTAL SAFETY REQUIREMENTS 01 42 00 02/19 SOURCES FOR REFERENCE PUBLICATIONS 01 45 00 08/23 QUALITY CONTROL SCHEDULE OF FIRE PROTECTION SYSTEM INSPECTIONS 01 50 00 12/21 TEMPORARY CO,2026-06-26 09:36:38
PELDISC-000224,PEL-000368,CGS-000368,no_expression_family_match,,needs_review,"ECS Southeast, LLC (ECS) is pleased to provide MBF Architects PA with the results of the above referenced Asbestos and Lead-Paint Survey performed for the Repair BEQ HP135 project located at Marine Corps Base Camp Lejeune in Jacksonville, North Carolina.",2026-06-26 09:36:38
PELDISC-000225,PEL-000369,CGS-000369,no_expression_family_match,,needs_review,"This report summarizes our observations, analytical results, findings, and recommendations related to the work performed.",2026-06-26 09:36:38
PELDISC-000226,PEL-000370,CGS-000370,no_expression_family_match,,needs_review,The workdescribedinthisreportwasperformedbyECSingeneralaccordancewiththeScopeofServices described in ECS Proposal Number 49:50782P and the terms and conditions of the agreement authorizing those services.,2026-06-26 09:36:38
PELDISC-000227,PEL-000371,CGS-000371,no_expression_family_match,,needs_review,ECS appreciates this opportunity to provide MBF Architects PA with our services.,2026-06-26 09:36:38
PELDISC-000228,PEL-000372,CGS-000372,no_expression_family_match,,needs_review,"Dawson Jenny Clark, REM Environmental Project Manager Associate Environmental Principal bdawson@ecslimited.com jclark@ecslimited.com 910-686-9114 404-640-9257 6714 Netherlands Drive, Wilmington, North Carolina 28405 • T:910-686-9114",2026-06-26 09:36:38
PELDISC-000229,PEL-000373,CGS-000373,no_expression_family_match,,needs_review,"This is a combined synopsis/solicitation for commercial services prepared in accordance with the format in FAR Subpart 12.6, Streamlined Procedures for Evaluation and Solicitation for Commercial Products and Commercial Services as supplemented with additional information included in this notice.",2026-06-26 09:36:38
PELDISC-000230,PEL-000374,CGS-000374,no_expression_family_match,,needs_review,"This is an unrestricted requirement under NAICS Code 423930, Recyclable Materials Services.",2026-06-26 09:36:38
PELDISC-000231,PEL-000376,CGS-000376,no_expression_family_match,,needs_review,The National Archives and Records Administration (NARA) has a requirement for off-site commercial secure document destruction for various Federal Records Centers (see attachment 1).,2026-06-26 09:36:38
PELDISC-000232,PEL-000377,CGS-000377,no_expression_family_match,,needs_review,Transportation shall be Contractor provided (but contractor provided must be no cost to NARA).,2026-06-26 09:36:38
PELDISC-000233,PEL-000379,CGS-000379,no_expression_family_match,,needs_review,"Washington Counties of King and Snohomish ___ **Fringe Benefits Required Follow the Occupational Listing** OCCUPATION CODE - TITLE FOOTNOTE RATE 01000 - Administrative Support And Clerical Occupations 01011 - Accounting Clerk I 22.36 01012 - Accounting Clerk II 25.09 01013 - Accounting Clerk III 28.07 01020 - Administrative Assistant 39.00 01035 - Court Reporter 30.10 01041 - Customer Service Representative I 20.05 01042 - Customer Service Representative II 21.88 01043 - Customer Service Representative III 24.56 01051 - Data Entry Operator I 20.28 01052 - Data Entry Operator II 22.13 01060 - Dispatcher, Motor Vehicle 28.38 01070 - Document Preparation Clerk 21.80 01090 - Duplicating Machine Operator 21.80 01111 - General Clerk I 21.05 01112 - General Clerk II 22.98 01113 - General Clerk III 25.79 01120 - Housing Referr",2026-06-26 09:36:38
PELDISC-000234,PEL-000380,CGS-000380,no_expression_family_match,,needs_review,"California Counties of Riverside and San Bernardino ___ **Fringe Benefits Required Follow the Occupational Listing** OCCUPATION CODE - TITLE FOOTNOTE RATE 01000 - Administrative Support And Clerical Occupations 01011 - Accounting Clerk I 19.89 01012 - Accounting Clerk II 22.32 01013 - Accounting Clerk III 24.97 01020 - Administrative Assistant 36.74 01035 - Court Reporter 51.68 01041 - Customer Service Representative I 17.81 01042 - Customer Service Representative II 19.44 01043 - Customer Service Representative III 21.82 01051 - Data Entry Operator I 19.50 01052 - Data Entry Operator II 21.28 01060 - Dispatcher, Motor Vehicle 23.57 01070 - Document Preparation Clerk 21.55 01090 - Duplicating Machine Operator 21.55 01111 - General Clerk I 17.92 01112 - General Clerk II 19.56 01113 - General Clerk III 21.95 01120 - Hous",2026-06-26 09:36:38
PELDISC-000235,PEL-000381,CGS-000381,no_expression_family_match,,needs_review,"Illinois Counties of Cook, Du Page and McHenry ___ **Fringe Benefits Required Follow the Occupational Listing** OCCUPATION CODE - TITLE FOOTNOTE RATE 01000 - Administrative Support And Clerical Occupations 01011 - Accounting Clerk I 19.30 01012 - Accounting Clerk II 21.66 01013 - Accounting Clerk III 24.23 01020 - Administrative Assistant 37.66 01035 - Court Reporter 33.31 01041 - Customer Service Representative I 17.99 01042 - Customer Service Representative II 19.63 01043 - Customer Service Representative III 22.03 01051 - Data Entry Operator I 18.06 01052 - Data Entry Operator II 19.71 01060 - Dispatcher, Motor Vehicle 29.26 01070 - Document Preparation Clerk 21.29 01090 - Duplicating Machine Operator 21.29 01111 - General Clerk I 17.84 01112 - General Clerk II 19.47 01113 - General Clerk III 21.85 01120 - Housing Ref",2026-06-26 09:36:38
PELDISC-000236,PEL-000382,CGS-000382,no_expression_family_match,,needs_review,"Colorado Counties of Adams, Arapahoe, Broomfield, Clear Creek, Denver, Douglas, Elbert, Gilpin, Jefferson and Park ___ **Fringe Benefits Required Follow the Occupational Listing** OCCUPATION CODE - TITLE FOOTNOTE RATE 01000 - Administrative Support And Clerical Occupations 01011 - Accounting Clerk I 22.19 01012 - Accounting Clerk II 24.91 01013 - Accounting Clerk III 27.86 01020 - Administrative Assistant 31.69 01035 - Court Reporter 36.35 01041 - Customer Service Representative I 18.56 01042 - Customer Service Representative II 20.26 01043 - Customer Service Representative III 22.74 01051 - Data Entry Operator I 21.42 01052 - Data Entry Operator II 23.38 01060 - Dispatcher, Motor Vehicle 25.29 01070 - Document Preparation Clerk 22.38 01090 - Duplicating Machine Operator 22.38 01111 - General Clerk I 22.31 01112 - Genera",2026-06-26 09:36:38
PELDISC-000237,PEL-000383,CGS-000383,no_expression_family_match,,needs_review,"Massachusetts Counties of Essex, Middlesex, Norfolk, Plymouth and Suffolk ___ **Fringe Benefits Required Follow the Occupational Listing** OCCUPATION CODE - TITLE FOOTNOTE RATE 01000 -",2026-06-26 09:36:38
PELDISC-000238,PEL-000386,CGS-000386,no_expression_family_match,,needs_review,ORNL is reques*ng a quote for the same or domes*c equivalent of an EcoStruxure Panel Server Wired by Design (a universal concentrator Modbus gateway).,2026-06-26 09:36:38
PELDISC-000239,PEL-000388,CGS-000388,no_expression_family_match,,needs_review,"ISSUED BY CODE JCAS 7.ADMINISTERED BY (If other than Item 6)CODE US Department of Labor Job Corps Acquisition Services 200 Constitution Ave, NW N-4643 Washington DC 20210 8.",2026-06-26 09:36:38
PELDISC-000240,PEL-000390,CGS-000390,no_expression_family_match,,needs_review,"If yes, could you please provide us with their award number or even if the customer bought similar services in the past Response:",2026-06-26 09:36:38
PELDISC-000241,PEL-000391,CGS-000391,no_expression_family_match,,needs_review,Is a site visit mandatory or a requirement for proposal submission or award consideration.,2026-06-26 09:36:38
PELDISC-000242,PEL-000392,CGS-000392,no_expression_family_match,,needs_review,"No, attendance at the site visit is optional and is not a requirement for proposal submission or award consideration.",2026-06-26 09:36:38
PELDISC-000243,PEL-000393,CGS-000393,no_expression_family_match,,needs_review,Offerors who did not attend the site visit may still submit a quotation and will be considered for award in accordance with the terms and conditions of the solicitation.,2026-06-26 09:36:38
PELDISC-000244,PEL-000394,CGS-000394,no_expression_family_match,,needs_review,Will the government consider changing this requirement to two (2) projects showing relevant Caretaker services experience due to this RFQ being issued as a small business set aside?,2026-06-26 09:36:38
PELDISC-000245,PEL-000395,CGS-000395,no_expression_family_match,,needs_review,"No, the requirement will be solicited and awarded as one (1) small business set-aside.",2026-06-26 09:36:38
PELDISC-000246,PEL-000396,CGS-000396,no_expression_family_match,,needs_review,Can the government provide a detailed breakdown of the $500.00 per month listed as payment for all required utilities.,2026-06-26 09:36:38
PELDISC-000247,PEL-000397,CGS-000397,no_expression_family_match,,needs_review,J of the Performance Work Statement for the temporary utility services at the site and the requirement to include internet service and payment of bill.,2026-06-26 09:36:38
PELDISC-000248,PEL-000398,CGS-000398,no_expression_family_match,,needs_review,"If you are unable to quote, please ISSUING OFFICE IN BLOCK 5a ON OR so indicate on this form and return it to the address in Block 5a.",2026-06-26 09:36:38
PELDISC-000249,PEL-000399,CGS-000399,no_expression_family_match,,needs_review,This request does not commit the Government to pay any BEFORE CLOSE OF BUSINESS (Date) costs incurred in the preparation of the submission of this quotation or to contract for supplies or service.,2026-06-26 09:36:38
PELDISC-000250,PEL-000404,CGS-000404,no_expression_family_match,,needs_review,"Georgia Counties of Barrow, Bartow, Butts, Carroll, Cherokee, Clayton, Cobb, Coweta, Dawson, Douglas, Fayette, Forsyth, Fulton, Gwinnett, Haralson, Henry, Morgan, Newton, Paulding, Pickens, Rockdale, Spalding and Walton ___ **Fringe Benefits Required Follow the Occupational Listing** OCCUPATION CODE - TITLE FOOTNOTE RATE 01000 - Administrative Support And Clerical Occupations 01011 - Accounting Clerk I 19.11 01012 - Accounting Clerk II 21.45 01013 - Accounting Clerk III 23.99 01020 - Administrative Assistant 35.34 01035 - Court Reporter 32.33 01041 - Customer Service Representative I 16.61 01042 - Customer Service Representative II 18.13 01043 - Customer Service Representative III 20.35 01051 - Data Entry Operator I 17.87 01052 - Data Entry Operator II 19.50 01060 - Dispatcher, Motor Vehicle 23.38 01070 - Document Preparation Clerk 18.35 01090 -",2026-06-26 09:36:38
