interpretation_log_id,semantic_object_id,source_type,source_id,source_text,interpreted_object_type,canonical_name,domain_name,intent,confidence,matched_patterns,official_registry_id,alignment_decision,created_at
SIL-000001,SPO-000001,filtered_pattern,SP-000007,national cemetery,Domain Specific Requirement,National Cemetery Operations,Domain-Specific Operations,Domain Requirement,0.86,national cemetery;cemetery,OPR-000006,weak_alignment_review,2026-06-27 22:40:30
SIL-000002,SPO-000002,filtered_pattern,SP-000011,of solicitation,Uninterpreted Pattern,of solicitation,,Needs Semantic Interpretation Review,0.3,,OPR-000009,weak_alignment_review,2026-06-27 22:40:30
SIL-000003,SPO-000003,filtered_pattern,SP-000013,accounting clerk,Uninterpreted Pattern,accounting clerk,,Needs Semantic Interpretation Review,0.3,,OPR-000011,new_concept_candidate,2026-06-27 22:40:30
SIL-000004,SPO-000004,filtered_pattern,SP-000014,customer service,Uninterpreted Pattern,customer service,,Needs Semantic Interpretation Review,0.3,,OPR-000006,new_concept_candidate,2026-06-27 22:40:30
SIL-000005,SPO-000005,filtered_pattern,SP-000015,service representative,Uninterpreted Pattern,service representative,,Needs Semantic Interpretation Review,0.3,,OPR-000003,new_concept_candidate,2026-06-27 22:40:30
SIL-000006,SPO-000006,filtered_pattern,SP-000016,customer service representative,Uninterpreted Pattern,customer service representative,,Needs Semantic Interpretation Review,0.3,,OPR-000006,new_concept_candidate,2026-06-27 22:40:30
SIL-000007,SPO-000007,filtered_pattern,SP-000018,amendment of,Uninterpreted Pattern,amendment of,,Needs Semantic Interpretation Review,0.3,,OPR-000022,new_concept_candidate,2026-06-27 22:40:30
SIL-000008,SPO-000008,filtered_pattern,SP-000019,amendment of solicitation,Submission Instruction,Solicitation Amendment Acknowledgement,Submission and Proposal Management,Submission Compliance,0.78,amendment of solicitation,OPR-000009,weak_alignment_review,2026-06-27 22:40:30
SIL-000009,SPO-000009,filtered_pattern,SP-000024,administered by,Uninterpreted Pattern,administered by,,Needs Semantic Interpretation Review,0.3,,OPR-000005,new_concept_candidate,2026-06-27 22:40:30
SIL-000010,SPO-000010,filtered_pattern,SP-000026,interior design,Uninterpreted Pattern,interior design,,Needs Semantic Interpretation Review,0.3,,OPR-000011,new_concept_candidate,2026-06-27 22:40:30
SIL-000011,SPO-000011,filtered_pattern,SP-000027,data entry,Uninterpreted Pattern,data entry,,Needs Semantic Interpretation Review,0.3,,OPR-000001,new_concept_candidate,2026-06-27 22:40:30
SIL-000012,SPO-000012,filtered_pattern,SP-000037,entry operator,Uninterpreted Pattern,entry operator,,Needs Semantic Interpretation Review,0.3,,OPR-000006,weak_alignment_review,2026-06-27 22:40:30
SIL-000013,SPO-000013,filtered_pattern,SP-000038,general clerk,Uninterpreted Pattern,general clerk,,Needs Semantic Interpretation Review,0.3,,OPR-000001,new_concept_candidate,2026-06-27 22:40:30
SIL-000014,SPO-000014,filtered_pattern,SP-000039,data entry operator,Uninterpreted Pattern,data entry operator,,Needs Semantic Interpretation Review,0.3,,OPR-000006,weak_alignment_review,2026-06-27 22:40:30
SIL-000015,SPO-000015,filtered_pattern,SP-000040,section 1,Uninterpreted Pattern,section 1,,Needs Semantic Interpretation Review,0.3,,OPR-000009,new_concept_candidate,2026-06-27 22:40:30
SIL-000016,SPO-000016,filtered_pattern,SP-000041,the offeror,Uninterpreted Pattern,the offeror,,Needs Semantic Interpretation Review,0.3,,OPR-000006,new_concept_candidate,2026-06-27 22:40:30
SIL-000017,SPO-000017,filtered_pattern,SP-000045,please provide,Uninterpreted Pattern,please provide,,Needs Semantic Interpretation Review,0.3,,OPR-000001,new_concept_candidate,2026-06-27 22:40:30
SIL-000018,SPO-000001,filtered_pattern,SP-000047,cemetery administration,Domain Specific Requirement,National Cemetery Operations,Domain-Specific Operations,Domain Requirement,0.78,cemetery,OPR-000005,weak_alignment_review,2026-06-27 22:40:30
SIL-000019,SPO-000001,filtered_pattern,SP-000048,national cemetery administration,Domain Specific Requirement,National Cemetery Operations,Domain-Specific Operations,Domain Requirement,0.86,national cemetery;cemetery,OPR-000005,weak_alignment_review,2026-06-27 22:40:30
SIL-000020,SPO-000018,filtered_pattern,SP-000049,small business,Uninterpreted Pattern,small business,,Needs Semantic Interpretation Review,0.3,,OPR-000004,new_concept_candidate,2026-06-27 22:40:30
SIL-000021,SPO-000019,filtered_pattern,SP-000051,solicitation number,Acquisition Metadata,Solicitation Metadata,Acquisition Strategy,Acquisition Metadata,0.78,solicitation number,OPR-000009,weak_alignment_review,2026-06-27 22:40:30
SIL-000022,SPO-000020,filtered_pattern,SP-000055,fixed price,Contract Type,Firm Fixed Price,Commercial and Pricing,Contract Type,0.78,\bfixed price\b,OPR-000007,new_concept_candidate,2026-06-27 22:40:30
SIL-000023,SPO-000021,filtered_pattern,SP-000057,additional information,Uninterpreted Pattern,additional information,,Needs Semantic Interpretation Review,0.3,,OPR-000010,new_concept_candidate,2026-06-27 22:40:30
SIL-000024,SPO-000022,filtered_pattern,SP-000059,clerk ii,Uninterpreted Pattern,clerk ii,,Needs Semantic Interpretation Review,0.3,,OPR-000007,new_concept_candidate,2026-06-27 22:40:30
SIL-000025,SPO-000023,filtered_pattern,SP-000060,clerk iii,Uninterpreted Pattern,clerk iii,,Needs Semantic Interpretation Review,0.3,,OPR-000007,new_concept_candidate,2026-06-27 22:40:30
SIL-000026,SPO-000024,filtered_pattern,SP-000061,offerors shall,Uninterpreted Pattern,offerors shall,,Needs Semantic Interpretation Review,0.3,,OPR-000011,new_concept_candidate,2026-06-27 22:40:30
SIL-000027,SPO-000025,filtered_pattern,SP-000062,past performance,Evaluation Factor,Evaluation Factors,Evaluation and Source Selection,Evaluation Factor,0.78,past performance,OPR-000008,specialization_candidate,2026-06-27 22:40:30
SIL-000028,SPO-000019,filtered_pattern,SP-000063,of solicitation number,Acquisition Metadata,Solicitation Metadata,Acquisition Strategy,Acquisition Metadata,0.78,solicitation number,OPR-000009,weak_alignment_review,2026-06-27 22:40:30
SIL-000029,SPO-000008,filtered_pattern,SP-000064,amendment of solicitation number,Submission Instruction,Solicitation Amendment Acknowledgement,Submission and Proposal Management,Submission Compliance,0.86,amendment of solicitation;amendment of solicitation number,OPR-000009,weak_alignment_review,2026-06-27 22:40:30
SIL-000030,SPO-000020,filtered_pattern,SP-000071,firm fixed price,Contract Type,Firm Fixed Price,Commercial and Pricing,Contract Type,0.94,\bfirm fixed price\b;\bfirm fixed\b;\bfixed price\b,OPR-000012,new_concept_candidate,2026-06-27 22:40:30
SIL-000031,SPO-000026,filtered_pattern,SP-000073,unit price,Pricing Structure,Unit Price,Commercial and Pricing,Pricing,0.78,unit price,OPR-000004,new_concept_candidate,2026-06-27 22:40:30
SIL-000032,SPO-000025,filtered_pattern,SP-000081,evaluation factors,Evaluation Factor,Evaluation Factors,Evaluation and Source Selection,Evaluation Factor,0.78,evaluation factors,OPR-000009,new_concept_candidate,2026-06-27 22:40:30
SIL-000033,SPO-000027,filtered_pattern,SP-000082,quote for,Uninterpreted Pattern,quote for,,Needs Semantic Interpretation Review,0.3,,OPR-000006,new_concept_candidate,2026-06-27 22:40:30
SIL-000034,SPO-000028,filtered_pattern,SP-000083,solicitation modification,Uninterpreted Pattern,solicitation modification,,Needs Semantic Interpretation Review,0.3,,OPR-000009,weak_alignment_review,2026-06-27 22:40:30
SIL-000035,SPO-000029,filtered_pattern,SP-000085,of solicitation modification,Uninterpreted Pattern,of solicitation modification,,Needs Semantic Interpretation Review,0.3,,OPR-000009,weak_alignment_review,2026-06-27 22:40:30
SIL-000036,SPO-000030,filtered_pattern,SP-000086,solicitation modification of,Uninterpreted Pattern,solicitation modification of,,Needs Semantic Interpretation Review,0.3,,OPR-000009,weak_alignment_review,2026-06-27 22:40:30
SIL-000037,SPO-000008,filtered_pattern,SP-000088,amendment of solicitation modification,Submission Instruction,Solicitation Amendment Acknowledgement,Submission and Proposal Management,Submission Compliance,0.78,amendment of solicitation,OPR-000009,weak_alignment_review,2026-06-27 22:40:30
SIL-000038,SPO-000031,filtered_pattern,SP-000089,of solicitation modification of,Uninterpreted Pattern,of solicitation modification of,,Needs Semantic Interpretation Review,0.3,,OPR-000009,weak_alignment_review,2026-06-27 22:40:30
SIL-000039,SPO-000032,filtered_pattern,SP-000090,solicitation modification of contract,Uninterpreted Pattern,solicitation modification of contract,,Needs Semantic Interpretation Review,0.3,,OPR-000009,weak_alignment_review,2026-06-27 22:40:30
SIL-000040,SPO-000033,filtered_pattern,SP-000092,contracting officer,Procurement Role,Contracting Officer,Acquisition Strategy,Procurement Role,0.78,contracting officer,OPR-000005,new_concept_candidate,2026-06-27 22:40:30
SIL-000041,SPO-000034,filtered_pattern,SP-000096,administered by if,Uninterpreted Pattern,administered by if,,Needs Semantic Interpretation Review,0.3,,OPR-000005,new_concept_candidate,2026-06-27 22:40:30
SIL-000042,SPO-000035,filtered_pattern,SP-000100,administered by if other,Uninterpreted Pattern,administered by if other,,Needs Semantic Interpretation Review,0.3,,OPR-000005,new_concept_candidate,2026-06-27 22:40:30
SIL-000043,SPO-000036,filtered_pattern,SP-000101,by if other than,Uninterpreted Pattern,by if other than,,Needs Semantic Interpretation Review,0.3,,OPR-000006,new_concept_candidate,2026-06-27 22:40:30
SIL-000044,SPO-000037,filtered_pattern,SP-000102,if other than item,Uninterpreted Pattern,if other than item,,Needs Semantic Interpretation Review,0.3,,OPR-000007,new_concept_candidate,2026-06-27 22:40:30
SIL-000045,SPO-000020,filtered_pattern,SP-000109,a firm fixed price,Contract Type,Firm Fixed Price,Commercial and Pricing,Contract Type,0.94,\bfirm fixed price\b;\bfirm fixed\b;\bfixed price\b,OPR-000011,new_concept_candidate,2026-06-27 22:40:30
SIL-000046,SPO-000038,filtered_pattern,SP-000111,synopsis solicitation,Uninterpreted Pattern,synopsis solicitation,,Needs Semantic Interpretation Review,0.3,,OPR-000009,weak_alignment_review,2026-06-27 22:40:30
SIL-000047,SPO-000039,filtered_pattern,SP-000115,1 qty 1 ton,Uninterpreted Pattern,1 qty 1 ton,,Needs Semantic Interpretation Review,0.3,,OPR-000006,new_concept_candidate,2026-06-27 22:40:30
SIL-000048,SPO-000040,filtered_pattern,SP-000116,qty 1 ton each,Uninterpreted Pattern,qty 1 ton each,,Needs Semantic Interpretation Review,0.3,,OPR-000009,new_concept_candidate,2026-06-27 22:40:30
SIL-000049,SPO-000041,filtered_pattern,SP-000118,solicitation for,Uninterpreted Pattern,solicitation for,,Needs Semantic Interpretation Review,0.3,,OPR-000009,weak_alignment_review,2026-06-27 22:40:30
SIL-000050,SPO-000042,filtered_pattern,SP-000122,the same,Uninterpreted Pattern,the same,,Needs Semantic Interpretation Review,0.3,,OPR-000003,new_concept_candidate,2026-06-27 22:40:30
SIL-000051,SPO-000043,filtered_pattern,SP-000123,for proposal,Uninterpreted Pattern,for proposal,,Needs Semantic Interpretation Review,0.3,,OPR-000010,weak_alignment_review,2026-06-27 22:40:30
SIL-000052,SPO-000044,filtered_pattern,SP-000127,table of contents,Document Structure Object,Table of Contents,Document Structure and Administrative Forms,Document Structure,0.78,table of contents,OPR-000012,new_concept_candidate,2026-06-27 22:40:30
SIL-000053,SPO-000045,filtered_pattern,SP-000151,fringe benefits required follow,Uninterpreted Pattern,fringe benefits required follow,,Needs Semantic Interpretation Review,0.3,,OPR-000015,new_concept_candidate,2026-06-27 22:40:30
SIL-000054,SPO-000046,filtered_pattern,SP-000152,benefits required follow the,Uninterpreted Pattern,benefits required follow the,,Needs Semantic Interpretation Review,0.3,,OPR-000015,new_concept_candidate,2026-06-27 22:40:30
SIL-000055,SPO-000047,filtered_pattern,SP-000153,required follow the occupational,Uninterpreted Pattern,required follow the occupational,,Needs Semantic Interpretation Review,0.3,,OPR-000006,new_concept_candidate,2026-06-27 22:40:30
SIL-000056,SPO-000048,filtered_pattern,SP-000154,follow the occupational listing,Uninterpreted Pattern,follow the occupational listing,,Needs Semantic Interpretation Review,0.3,,OPR-000006,new_concept_candidate,2026-06-27 22:40:30
SIL-000057,SPO-000049,filtered_pattern,SP-000155,the occupational listing occupation,Uninterpreted Pattern,the occupational listing occupation,,Needs Semantic Interpretation Review,0.3,,OPR-000021,new_concept_candidate,2026-06-27 22:40:30
SIL-000058,SPO-000050,filtered_pattern,SP-000156,occupational listing occupation code,Uninterpreted Pattern,occupational listing occupation code,,Needs Semantic Interpretation Review,0.3,,OPR-000013,new_concept_candidate,2026-06-27 22:40:30
SIL-000059,SPO-000051,filtered_pattern,SP-000157,listing occupation code title,Uninterpreted Pattern,listing occupation code title,,Needs Semantic Interpretation Review,0.3,,OPR-000021,new_concept_candidate,2026-06-27 22:40:30
SIL-000060,SPO-000052,filtered_pattern,SP-000158,occupation code title footnote,Uninterpreted Pattern,occupation code title footnote,,Needs Semantic Interpretation Review,0.3,,OPR-000021,new_concept_candidate,2026-06-27 22:40:30
SIL-000061,SPO-000053,filtered_pattern,SP-000159,code title footnote rate,Uninterpreted Pattern,code title footnote rate,,Needs Semantic Interpretation Review,0.3,,OPR-000006,new_concept_candidate,2026-06-27 22:40:30
SIL-000062,SPO-000054,filtered_pattern,SP-000160,title footnote rate 01000,Uninterpreted Pattern,title footnote rate 01000,,Needs Semantic Interpretation Review,0.3,,OPR-000006,new_concept_candidate,2026-06-27 22:40:30
SIL-000063,SPO-000055,filtered_pattern,SP-000163,for quote,Uninterpreted Pattern,for quote,,Needs Semantic Interpretation Review,0.3,,OPR-000011,new_concept_candidate,2026-06-27 22:40:30
SIL-000064,SPO-000044,filtered_pattern,SP-000164,administered by code,Document Structure Object,Table of Contents,Document Structure and Administrative Forms,Document Structure,0.78,administered by code,OPR-000005,new_concept_candidate,2026-06-27 22:40:30
SIL-000065,SPO-000056,filtered_pattern,SP-000165,solicitation is,Uninterpreted Pattern,solicitation is,,Needs Semantic Interpretation Review,0.3,,OPR-000009,weak_alignment_review,2026-06-27 22:40:30
SIL-000066,SPO-000057,filtered_pattern,SP-000176,performance work statement,Technical Requirement,Performance Work Statement,Technical Requirements,Technical Requirement,0.86,performance work statement;work statement,OPR-000008,weak_alignment_review,2026-06-27 22:40:30
SIL-000067,SPO-000058,filtered_pattern,SP-000181,this solicitation,Uninterpreted Pattern,this solicitation,,Needs Semantic Interpretation Review,0.3,,OPR-000009,weak_alignment_review,2026-06-27 22:40:30
SIL-000068,SPO-000059,filtered_pattern,SP-000183,to award,Uninterpreted Pattern,to award,,Needs Semantic Interpretation Review,0.3,,OPR-000002,new_concept_candidate,2026-06-27 22:40:30
SIL-000069,SPO-000060,filtered_pattern,SP-000186,for award,Uninterpreted Pattern,for award,,Needs Semantic Interpretation Review,0.3,,OPR-000003,new_concept_candidate,2026-06-27 22:40:30
SIL-000070,SPO-000019,filtered_pattern,SP-000198,combined synopsis solicitation,Acquisition Metadata,Solicitation Metadata,Acquisition Strategy,Acquisition Metadata,0.78,combined synopsis solicitation,OPR-000009,weak_alignment_review,2026-06-27 22:40:30
SIL-000071,SPO-000061,filtered_pattern,SP-000221,marine corps,Uninterpreted Pattern,marine corps,,Needs Semantic Interpretation Review,0.3,,OPR-000004,new_concept_candidate,2026-06-27 22:40:30
SIL-000072,SPO-000062,filtered_pattern,SP-000222,01000 administrative,Uninterpreted Pattern,01000 administrative,,Needs Semantic Interpretation Review,0.3,,OPR-000005,weak_alignment_review,2026-06-27 22:40:30
SIL-000073,SPO-000063,filtered_pattern,SP-000223,administrative support,Uninterpreted Pattern,administrative support,,Needs Semantic Interpretation Review,0.3,,OPR-000005,weak_alignment_review,2026-06-27 22:40:30
SIL-000074,SPO-000064,filtered_pattern,SP-000231,01020 administrative,Uninterpreted Pattern,01020 administrative,,Needs Semantic Interpretation Review,0.3,,OPR-000005,weak_alignment_review,2026-06-27 22:40:30
SIL-000075,SPO-000065,filtered_pattern,SP-000232,administrative assistant,Uninterpreted Pattern,administrative assistant,,Needs Semantic Interpretation Review,0.3,,OPR-000005,new_concept_candidate,2026-06-27 22:40:30
SIL-000076,SPO-000066,filtered_pattern,SP-000251,rate 01000 administrative,Uninterpreted Pattern,rate 01000 administrative,,Needs Semantic Interpretation Review,0.3,,OPR-000005,weak_alignment_review,2026-06-27 22:40:30
SIL-000077,SPO-000067,filtered_pattern,SP-000252,01000 administrative support,Uninterpreted Pattern,01000 administrative support,,Needs Semantic Interpretation Review,0.3,,OPR-000005,new_concept_candidate,2026-06-27 22:40:30
SIL-000078,SPO-000068,filtered_pattern,SP-000253,administrative support and,Uninterpreted Pattern,administrative support and,,Needs Semantic Interpretation Review,0.3,,OPR-000005,weak_alignment_review,2026-06-27 22:40:30
SIL-000079,SPO-000069,filtered_pattern,SP-000264,01020 administrative assistant,Uninterpreted Pattern,01020 administrative assistant,,Needs Semantic Interpretation Review,0.3,,OPR-000005,new_concept_candidate,2026-06-27 22:40:30
SIL-000080,SPO-000070,filtered_pattern,SP-000280,footnote rate 01000 administrative,Uninterpreted Pattern,footnote rate 01000 administrative,,Needs Semantic Interpretation Review,0.3,,OPR-000005,weak_alignment_review,2026-06-27 22:40:30
SIL-000081,SPO-000071,filtered_pattern,SP-000281,rate 01000 administrative support,Uninterpreted Pattern,rate 01000 administrative support,,Needs Semantic Interpretation Review,0.3,,OPR-000005,weak_alignment_review,2026-06-27 22:40:30
SIL-000082,SPO-000072,filtered_pattern,SP-000282,01000 administrative support and,Uninterpreted Pattern,01000 administrative support and,,Needs Semantic Interpretation Review,0.3,,OPR-000005,new_concept_candidate,2026-06-27 22:40:30
SIL-000083,SPO-000073,filtered_pattern,SP-000283,administrative support and clerical,Uninterpreted Pattern,administrative support and clerical,,Needs Semantic Interpretation Review,0.3,,OPR-000002,new_concept_candidate,2026-06-27 22:40:30
SIL-000084,SPO-000074,filtered_pattern,SP-000303,proposal volume,Proposal Structure,Proposal Volume,Submission and Proposal Management,Proposal Structure,0.78,proposal volume,OPR-000019,specialization_candidate,2026-06-27 22:40:30
SIL-000085,SPO-000075,filtered_pattern,SP-000306,in the solicitation,Uninterpreted Pattern,in the solicitation,,Needs Semantic Interpretation Review,0.3,,OPR-000009,weak_alignment_review,2026-06-27 22:40:30
SIL-000086,SPO-000076,filtered_pattern,SP-000324,applies to amendments,Uninterpreted Pattern,applies to amendments,,Needs Semantic Interpretation Review,0.3,,OPR-000002,new_concept_candidate,2026-06-27 22:40:30
SIL-000087,SPO-000077,filtered_pattern,SP-000325,to amendments of,Uninterpreted Pattern,to amendments of,,Needs Semantic Interpretation Review,0.3,,OPR-000003,new_concept_candidate,2026-06-27 22:40:30
SIL-000088,SPO-000078,filtered_pattern,SP-000326,amendments of solicitations,Uninterpreted Pattern,amendments of solicitations,,Needs Semantic Interpretation Review,0.3,,OPR-000009,new_concept_candidate,2026-06-27 22:40:30
SIL-000089,SPO-000079,filtered_pattern,SP-000328,above numbered solicitation,Uninterpreted Pattern,above numbered solicitation,,Needs Semantic Interpretation Review,0.3,,OPR-000009,weak_alignment_review,2026-06-27 22:40:30
SIL-000090,SPO-000080,filtered_pattern,SP-000329,numbered solicitation is,Uninterpreted Pattern,numbered solicitation is,,Needs Semantic Interpretation Review,0.3,,OPR-000009,weak_alignment_review,2026-06-27 22:40:30
SIL-000091,SPO-000008,filtered_pattern,SP-000330,solicitation is amended,Submission Instruction,Solicitation Amendment Acknowledgement,Submission and Proposal Management,Submission Compliance,0.78,solicitation is amended,OPR-000009,weak_alignment_review,2026-06-27 22:40:30
SIL-000092,SPO-000081,filtered_pattern,SP-000337,only applies to amendments,Uninterpreted Pattern,only applies to amendments,,Needs Semantic Interpretation Review,0.3,,OPR-000022,new_concept_candidate,2026-06-27 22:40:30
SIL-000093,SPO-000082,filtered_pattern,SP-000338,applies to amendments of,Uninterpreted Pattern,applies to amendments of,,Needs Semantic Interpretation Review,0.3,,OPR-000022,new_concept_candidate,2026-06-27 22:40:30
SIL-000094,SPO-000083,filtered_pattern,SP-000339,to amendments of solicitations,Uninterpreted Pattern,to amendments of solicitations,,Needs Semantic Interpretation Review,0.3,,OPR-000009,new_concept_candidate,2026-06-27 22:40:30
SIL-000095,SPO-000084,filtered_pattern,SP-000340,the above numbered solicitation,Uninterpreted Pattern,the above numbered solicitation,,Needs Semantic Interpretation Review,0.3,,OPR-000009,new_concept_candidate,2026-06-27 22:40:30
SIL-000096,SPO-000085,filtered_pattern,SP-000341,above numbered solicitation is,Uninterpreted Pattern,above numbered solicitation is,,Needs Semantic Interpretation Review,0.3,,OPR-000009,weak_alignment_review,2026-06-27 22:40:30
SIL-000097,SPO-000008,filtered_pattern,SP-000342,numbered solicitation is amended,Submission Instruction,Solicitation Amendment Acknowledgement,Submission and Proposal Management,Submission Compliance,0.78,solicitation is amended,OPR-000009,weak_alignment_review,2026-06-27 22:40:30
SIL-000098,SPO-000008,filtered_pattern,SP-000343,solicitation is amended as,Submission Instruction,Solicitation Amendment Acknowledgement,Submission and Proposal Management,Submission Compliance,0.78,solicitation is amended,OPR-000009,weak_alignment_review,2026-06-27 22:40:30
SIL-000099,SPO-000086,filtered_pattern,SP-000350,of this amendment,Uninterpreted Pattern,of this amendment,,Needs Semantic Interpretation Review,0.3,,OPR-000003,new_concept_candidate,2026-06-27 22:40:30
SIL-000100,SPO-000087,filtered_pattern,SP-000357,to the solicitation,Uninterpreted Pattern,to the solicitation,,Needs Semantic Interpretation Review,0.3,,OPR-000009,weak_alignment_review,2026-06-27 22:40:30
SIL-000101,SPO-000088,filtered_pattern,SP-000379,to award a,Uninterpreted Pattern,to award a,,Needs Semantic Interpretation Review,0.3,,OPR-000011,new_concept_candidate,2026-06-27 22:40:30
SIL-000102,SPO-000089,filtered_pattern,SP-000383,award a contract,Uninterpreted Pattern,award a contract,,Needs Semantic Interpretation Review,0.3,,OPR-000005,new_concept_candidate,2026-06-27 22:40:30
SIL-000103,SPO-000001,filtered_pattern,SP-000392,hills national cemetery,Domain Specific Requirement,National Cemetery Operations,Domain-Specific Operations,Domain Requirement,0.86,national cemetery;cemetery,OPR-000006,new_concept_candidate,2026-06-27 22:40:30
SIL-000104,SPO-000001,filtered_pattern,SP-000393,black hills national cemetery,Domain Specific Requirement,National Cemetery Operations,Domain-Specific Operations,Domain Requirement,0.86,national cemetery;cemetery,OPR-000009,new_concept_candidate,2026-06-27 22:40:30
SIL-000105,SPO-000001,filtered_pattern,SP-000406,affairs national cemetery,Domain Specific Requirement,National Cemetery Operations,Domain-Specific Operations,Domain Requirement,0.86,national cemetery;cemetery,OPR-000006,new_concept_candidate,2026-06-27 22:40:30
SIL-000106,SPO-000001,filtered_pattern,SP-000410,veterans affairs national cemetery,Domain Specific Requirement,National Cemetery Operations,Domain-Specific Operations,Domain Requirement,0.86,national cemetery;cemetery,OPR-000008,new_concept_candidate,2026-06-27 22:40:30
SIL-000107,SPO-000001,filtered_pattern,SP-000411,affairs national cemetery administration,Domain Specific Requirement,National Cemetery Operations,Domain-Specific Operations,Domain Requirement,0.86,national cemetery;cemetery,OPR-000005,weak_alignment_review,2026-06-27 22:40:30
SIL-000108,SPO-000090,filtered_pattern,SP-000420,synopsis solicitation for,Uninterpreted Pattern,synopsis solicitation for,,Needs Semantic Interpretation Review,0.3,,OPR-000009,weak_alignment_review,2026-06-27 22:40:30
SIL-000109,SPO-000019,filtered_pattern,SP-000428,a combined synopsis solicitation,Acquisition Metadata,Solicitation Metadata,Acquisition Strategy,Acquisition Metadata,0.78,combined synopsis solicitation,OPR-000009,new_concept_candidate,2026-06-27 22:40:30
SIL-000110,SPO-000019,filtered_pattern,SP-000429,combined synopsis solicitation for,Acquisition Metadata,Solicitation Metadata,Acquisition Strategy,Acquisition Metadata,0.78,combined synopsis solicitation,OPR-000009,new_concept_candidate,2026-06-27 22:40:30
SIL-000111,SPO-000091,filtered_pattern,SP-000430,accordance with the format,Uninterpreted Pattern,accordance with the format,,Needs Semantic Interpretation Review,0.3,,OPR-000008,new_concept_candidate,2026-06-27 22:40:30
SIL-000112,SPO-000092,filtered_pattern,SP-000442,request for information,Uninterpreted Pattern,request for information,,Needs Semantic Interpretation Review,0.3,,OPR-000008,new_concept_candidate,2026-06-27 22:40:30
SIL-000113,SPO-000093,filtered_pattern,SP-000499,payment registration,Pricing Structure,Payment and Invoice,Commercial and Pricing,Payment Administration,0.78,payment,OPR-000010,weak_alignment_review,2026-06-27 22:40:30
SIL-000114,SPO-000094,filtered_pattern,SP-000505,far and dosar,Uninterpreted Pattern,far and dosar,,Needs Semantic Interpretation Review,0.3,,OPR-000007,new_concept_candidate,2026-06-27 22:40:30
SIL-000115,SPO-000095,filtered_pattern,SP-000513,quote for the,Uninterpreted Pattern,quote for the,,Needs Semantic Interpretation Review,0.3,,OPR-000011,new_concept_candidate,2026-06-27 22:40:30
SIL-000116,SPO-000096,filtered_pattern,SP-000520,marine corps base,Uninterpreted Pattern,marine corps base,,Needs Semantic Interpretation Review,0.3,,OPR-000011,new_concept_candidate,2026-06-27 22:40:30
SIL-000117,SPO-000097,filtered_pattern,SP-000521,corps base camp,Uninterpreted Pattern,corps base camp,,Needs Semantic Interpretation Review,0.3,,OPR-000011,new_concept_candidate,2026-06-27 22:40:30
SIL-000118,SPO-000098,filtered_pattern,SP-000525,marine corps base camp,Uninterpreted Pattern,marine corps base camp,,Needs Semantic Interpretation Review,0.3,,OPR-000011,new_concept_candidate,2026-06-27 22:40:30
SIL-000119,SPO-000099,filtered_pattern,SP-000526,corps base camp lejeune,Uninterpreted Pattern,corps base camp lejeune,,Needs Semantic Interpretation Review,0.3,,OPR-000003,new_concept_candidate,2026-06-27 22:40:30
SIL-000120,SPO-000100,filtered_pattern,SP-000561,method of solicitation,Uninterpreted Pattern,method of solicitation,,Needs Semantic Interpretation Review,0.3,,OPR-000009,weak_alignment_review,2026-06-27 22:40:30
SIL-000121,SPO-000101,filtered_pattern,SP-000600,copies of the amendment,Uninterpreted Pattern,copies of the amendment,,Needs Semantic Interpretation Review,0.3,,OPR-000022,new_concept_candidate,2026-06-27 22:40:30
SIL-000122,SPO-000033,filtered_pattern,SP-000610,the contracting officer,Procurement Role,Contracting Officer,Acquisition Strategy,Procurement Role,0.78,contracting officer,OPR-000005,new_concept_candidate,2026-06-27 22:40:30
SIL-000123,SPO-000044,filtered_pattern,SP-000619,page of pages amendment,Document Structure Object,Table of Contents,Document Structure and Administrative Forms,Document Structure,0.78,page of pages,OPR-000022,new_concept_candidate,2026-06-27 22:40:30
SIL-000124,SPO-000102,filtered_pattern,SP-000620,of pages amendment of,Uninterpreted Pattern,of pages amendment of,,Needs Semantic Interpretation Review,0.3,,OPR-000003,new_concept_candidate,2026-06-27 22:40:30
SIL-000125,SPO-000008,filtered_pattern,SP-000621,pages amendment of solicitation,Submission Instruction,Solicitation Amendment Acknowledgement,Submission and Proposal Management,Submission Compliance,0.78,amendment of solicitation,OPR-000009,new_concept_candidate,2026-06-27 22:40:30
SIL-000126,SPO-000057,filtered_pattern,SP-000630,performance work statement pws,Technical Requirement,Performance Work Statement,Technical Requirements,Technical Requirement,0.94,performance work statement;\bpws\b;work statement,OPR-000008,weak_alignment_review,2026-06-27 22:40:30
SIL-000127,SPO-000020,filtered_pattern,SP-000660,award a firm fixed,Contract Type,Firm Fixed Price,Commercial and Pricing,Contract Type,0.78,\bfirm fixed\b,OPR-000012,new_concept_candidate,2026-06-27 22:40:30
SIL-000128,SPO-000103,filtered_pattern,SP-000662,solicitation to the responsible,Uninterpreted Pattern,solicitation to the responsible,,Needs Semantic Interpretation Review,0.3,,OPR-000009,weak_alignment_review,2026-06-27 22:40:30
SIL-000129,SPO-000104,filtered_pattern,SP-000663,to the responsible offeror,Uninterpreted Pattern,to the responsible offeror,,Needs Semantic Interpretation Review,0.3,,OPR-000017,new_concept_candidate,2026-06-27 22:40:30
SIL-000130,SPO-000105,filtered_pattern,SP-000664,the responsible offeror whose,Uninterpreted Pattern,the responsible offeror whose,,Needs Semantic Interpretation Review,0.3,,OPR-000017,new_concept_candidate,2026-06-27 22:40:30
SIL-000131,SPO-000106,filtered_pattern,SP-000680,award will be made,Uninterpreted Pattern,award will be made,,Needs Semantic Interpretation Review,0.3,,OPR-000003,new_concept_candidate,2026-06-27 22:40:30
SIL-000132,SPO-000107,filtered_pattern,SP-000681,source selection,Uninterpreted Pattern,source selection,,Needs Semantic Interpretation Review,0.3,,OPR-000008,new_concept_candidate,2026-06-27 22:40:30
SIL-000133,SPO-000108,filtered_pattern,SP-000726,place of performance,Delivery Requirement,Place of Performance,Delivery and Logistics,Delivery Logistics,0.78,place of performance,OPR-000008,weak_alignment_review,2026-06-27 22:40:30
SIL-000134,SPO-000057,filtered_pattern,SP-000733,statement of work,Technical Requirement,Performance Work Statement,Technical Requirements,Technical Requirement,0.78,statement of work,OPR-000006,new_concept_candidate,2026-06-27 22:40:30
SIL-000135,SPO-000109,filtered_pattern,SP-000740,prepared in accordance with,Uninterpreted Pattern,prepared in accordance with,,Needs Semantic Interpretation Review,0.3,,OPR-000012,new_concept_candidate,2026-06-27 22:40:30
SIL-000136,SPO-000110,filtered_pattern,SP-000749,food and drug administration,Uninterpreted Pattern,food and drug administration,,Needs Semantic Interpretation Review,0.3,,OPR-000010,weak_alignment_review,2026-06-27 22:40:30
SIL-000137,SPO-000111,filtered_pattern,SP-000760,request for information rfi,Uninterpreted Pattern,request for information rfi,,Needs Semantic Interpretation Review,0.3,,OPR-000008,new_concept_candidate,2026-06-27 22:40:30
SIL-000138,SPO-000019,filtered_pattern,SP-000761,quote rfq,Acquisition Metadata,Solicitation Metadata,Acquisition Strategy,Acquisition Metadata,0.78,\brfq\b,OPR-000001,new_concept_candidate,2026-06-27 22:40:30
SIL-000139,SPO-000112,filtered_pattern,SP-000809,contract administration,Uninterpreted Pattern,contract administration,,Needs Semantic Interpretation Review,0.3,,OPR-000005,already_represented,2026-06-27 22:40:30
SIL-000140,SPO-000019,filtered_pattern,SP-000822,request for proposal,Acquisition Metadata,Solicitation Metadata,Acquisition Strategy,Acquisition Metadata,0.78,request for proposal,OPR-000010,new_concept_candidate,2026-06-27 22:40:30
SIL-000141,SPO-000113,filtered_pattern,SP-000838,chess army mil proposal,Uninterpreted Pattern,chess army mil proposal,,Needs Semantic Interpretation Review,0.3,,OPR-000010,new_concept_candidate,2026-06-27 22:40:30
SIL-000142,SPO-000114,filtered_pattern,SP-000839,army mil proposal default,Uninterpreted Pattern,army mil proposal default,,Needs Semantic Interpretation Review,0.3,,OPR-000010,weak_alignment_review,2026-06-27 22:40:30
SIL-000143,SPO-000115,filtered_pattern,SP-000840,mil proposal default index,Uninterpreted Pattern,mil proposal default index,,Needs Semantic Interpretation Review,0.3,,OPR-000010,weak_alignment_review,2026-06-27 22:40:30
SIL-000144,SPO-000026,filtered_pattern,SP-000852,quantity unit price,Pricing Structure,Unit Price,Commercial and Pricing,Pricing,0.78,unit price,OPR-000005,new_concept_candidate,2026-06-27 22:40:30
SIL-000145,SPO-000116,filtered_pattern,SP-000868,far and dosar provisions,Uninterpreted Pattern,far and dosar provisions,,Needs Semantic Interpretation Review,0.3,,OPR-000012,weak_alignment_review,2026-06-27 22:40:30
SIL-000146,SPO-000117,filtered_pattern,SP-000879,the format in far,Uninterpreted Pattern,the format in far,,Needs Semantic Interpretation Review,0.3,,OPR-000006,new_concept_candidate,2026-06-27 22:40:30
SIL-000147,SPO-000118,filtered_pattern,SP-000915,renovation cl marine corps,Uninterpreted Pattern,renovation cl marine corps,,Needs Semantic Interpretation Review,0.3,,OPR-000016,new_concept_candidate,2026-06-27 22:40:30
SIL-000148,SPO-000119,filtered_pattern,SP-000916,cl marine corps base,Uninterpreted Pattern,cl marine corps base,,Needs Semantic Interpretation Review,0.3,,OPR-000011,new_concept_candidate,2026-06-27 22:40:30
SIL-000149,SPO-000001,filtered_alias,SA-000007,national cemetery,Domain Specific Requirement,National Cemetery Operations,Domain-Specific Operations,Domain Requirement,0.86,national cemetery;cemetery,OPR-000006,weak_alignment_review,2026-06-27 22:40:30
SIL-000150,SPO-000002,filtered_alias,SA-000011,of solicitation,Uninterpreted Pattern,of solicitation,,Needs Semantic Interpretation Review,0.3,,OPR-000009,weak_alignment_review,2026-06-27 22:40:30
SIL-000151,SPO-000003,filtered_alias,SA-000013,accounting clerk,Uninterpreted Pattern,accounting clerk,,Needs Semantic Interpretation Review,0.3,,OPR-000011,new_concept_candidate,2026-06-27 22:40:30
SIL-000152,SPO-000004,filtered_alias,SA-000014,customer service,Uninterpreted Pattern,customer service,,Needs Semantic Interpretation Review,0.3,,OPR-000006,new_concept_candidate,2026-06-27 22:40:30
SIL-000153,SPO-000005,filtered_alias,SA-000015,service representative,Uninterpreted Pattern,service representative,,Needs Semantic Interpretation Review,0.3,,OPR-000003,new_concept_candidate,2026-06-27 22:40:30
SIL-000154,SPO-000006,filtered_alias,SA-000016,customer service representative,Uninterpreted Pattern,customer service representative,,Needs Semantic Interpretation Review,0.3,,OPR-000006,new_concept_candidate,2026-06-27 22:40:30
SIL-000155,SPO-000007,filtered_alias,SA-000018,amendment of,Uninterpreted Pattern,amendment of,,Needs Semantic Interpretation Review,0.3,,OPR-000022,new_concept_candidate,2026-06-27 22:40:30
SIL-000156,SPO-000008,filtered_alias,SA-000019,amendment of solicitation,Submission Instruction,Solicitation Amendment Acknowledgement,Submission and Proposal Management,Submission Compliance,0.78,amendment of solicitation,OPR-000009,weak_alignment_review,2026-06-27 22:40:30
SIL-000157,SPO-000009,filtered_alias,SA-000024,administered by,Uninterpreted Pattern,administered by,,Needs Semantic Interpretation Review,0.3,,OPR-000005,new_concept_candidate,2026-06-27 22:40:30
SIL-000158,SPO-000010,filtered_alias,SA-000026,interior design,Uninterpreted Pattern,interior design,,Needs Semantic Interpretation Review,0.3,,OPR-000011,new_concept_candidate,2026-06-27 22:40:30
SIL-000159,SPO-000011,filtered_alias,SA-000027,data entry,Uninterpreted Pattern,data entry,,Needs Semantic Interpretation Review,0.3,,OPR-000001,new_concept_candidate,2026-06-27 22:40:30
SIL-000160,SPO-000012,filtered_alias,SA-000037,entry operator,Uninterpreted Pattern,entry operator,,Needs Semantic Interpretation Review,0.3,,OPR-000006,weak_alignment_review,2026-06-27 22:40:30
SIL-000161,SPO-000013,filtered_alias,SA-000038,general clerk,Uninterpreted Pattern,general clerk,,Needs Semantic Interpretation Review,0.3,,OPR-000001,new_concept_candidate,2026-06-27 22:40:30
SIL-000162,SPO-000014,filtered_alias,SA-000039,data entry operator,Uninterpreted Pattern,data entry operator,,Needs Semantic Interpretation Review,0.3,,OPR-000006,weak_alignment_review,2026-06-27 22:40:30
SIL-000163,SPO-000016,filtered_alias,SA-000041,the offeror,Uninterpreted Pattern,the offeror,,Needs Semantic Interpretation Review,0.3,,OPR-000006,new_concept_candidate,2026-06-27 22:40:30
SIL-000164,SPO-000001,filtered_alias,SA-000047,cemetery administration,Domain Specific Requirement,National Cemetery Operations,Domain-Specific Operations,Domain Requirement,0.78,cemetery,OPR-000005,weak_alignment_review,2026-06-27 22:40:30
SIL-000165,SPO-000001,filtered_alias,SA-000048,national cemetery administration,Domain Specific Requirement,National Cemetery Operations,Domain-Specific Operations,Domain Requirement,0.86,national cemetery;cemetery,OPR-000005,weak_alignment_review,2026-06-27 22:40:30
SIL-000166,SPO-000019,filtered_alias,SA-000051,solicitation number,Acquisition Metadata,Solicitation Metadata,Acquisition Strategy,Acquisition Metadata,0.78,solicitation number,OPR-000009,weak_alignment_review,2026-06-27 22:40:30
SIL-000167,SPO-000024,filtered_alias,SA-000061,offerors shall,Uninterpreted Pattern,offerors shall,,Needs Semantic Interpretation Review,0.3,,OPR-000011,new_concept_candidate,2026-06-27 22:40:30
SIL-000168,SPO-000025,filtered_alias,SA-000062,past performance,Evaluation Factor,Evaluation Factors,Evaluation and Source Selection,Evaluation Factor,0.78,past performance,OPR-000008,specialization_candidate,2026-06-27 22:40:30
SIL-000169,SPO-000019,filtered_alias,SA-000063,of solicitation number,Acquisition Metadata,Solicitation Metadata,Acquisition Strategy,Acquisition Metadata,0.78,solicitation number,OPR-000009,weak_alignment_review,2026-06-27 22:40:30
SIL-000170,SPO-000008,filtered_alias,SA-000064,amendment of solicitation number,Submission Instruction,Solicitation Amendment Acknowledgement,Submission and Proposal Management,Submission Compliance,0.86,amendment of solicitation;amendment of solicitation number,OPR-000009,weak_alignment_review,2026-06-27 22:40:30
SIL-000171,SPO-000026,filtered_alias,SA-000073,unit price,Pricing Structure,Unit Price,Commercial and Pricing,Pricing,0.78,unit price,OPR-000004,new_concept_candidate,2026-06-27 22:40:30
SIL-000172,SPO-000025,filtered_alias,SA-000081,evaluation factors,Evaluation Factor,Evaluation Factors,Evaluation and Source Selection,Evaluation Factor,0.78,evaluation factors,OPR-000009,new_concept_candidate,2026-06-27 22:40:30
SIL-000173,SPO-000029,filtered_alias,SA-000085,of solicitation modification,Uninterpreted Pattern,of solicitation modification,,Needs Semantic Interpretation Review,0.3,,OPR-000009,weak_alignment_review,2026-06-27 22:40:30
SIL-000174,SPO-000030,filtered_alias,SA-000086,solicitation modification of,Uninterpreted Pattern,solicitation modification of,,Needs Semantic Interpretation Review,0.3,,OPR-000009,weak_alignment_review,2026-06-27 22:40:30
SIL-000175,SPO-000008,filtered_alias,SA-000088,amendment of solicitation modification,Submission Instruction,Solicitation Amendment Acknowledgement,Submission and Proposal Management,Submission Compliance,0.78,amendment of solicitation,OPR-000009,weak_alignment_review,2026-06-27 22:40:30
SIL-000176,SPO-000031,filtered_alias,SA-000089,of solicitation modification of,Uninterpreted Pattern,of solicitation modification of,,Needs Semantic Interpretation Review,0.3,,OPR-000009,weak_alignment_review,2026-06-27 22:40:30
SIL-000177,SPO-000032,filtered_alias,SA-000090,solicitation modification of contract,Uninterpreted Pattern,solicitation modification of contract,,Needs Semantic Interpretation Review,0.3,,OPR-000009,weak_alignment_review,2026-06-27 22:40:30
SIL-000178,SPO-000033,filtered_alias,SA-000092,contracting officer,Procurement Role,Contracting Officer,Acquisition Strategy,Procurement Role,0.78,contracting officer,OPR-000005,new_concept_candidate,2026-06-27 22:40:30
SIL-000179,SPO-000034,filtered_alias,SA-000096,administered by if,Uninterpreted Pattern,administered by if,,Needs Semantic Interpretation Review,0.3,,OPR-000005,new_concept_candidate,2026-06-27 22:40:30
SIL-000180,SPO-000035,filtered_alias,SA-000100,administered by if other,Uninterpreted Pattern,administered by if other,,Needs Semantic Interpretation Review,0.3,,OPR-000005,new_concept_candidate,2026-06-27 22:40:30
SIL-000181,SPO-000044,filtered_alias,SA-000127,table of contents,Document Structure Object,Table of Contents,Document Structure and Administrative Forms,Document Structure,0.78,table of contents,OPR-000012,new_concept_candidate,2026-06-27 22:40:30
SIL-000182,SPO-000057,filtered_alias,SA-000176,performance work statement,Technical Requirement,Performance Work Statement,Technical Requirements,Technical Requirement,0.86,performance work statement;work statement,OPR-000008,weak_alignment_review,2026-06-27 22:40:30
SIL-000183,SPO-000070,filtered_alias,SA-000280,footnote rate 01000 administrative,Uninterpreted Pattern,footnote rate 01000 administrative,,Needs Semantic Interpretation Review,0.3,,OPR-000005,weak_alignment_review,2026-06-27 22:40:30
SIL-000184,SPO-000071,filtered_alias,SA-000281,rate 01000 administrative support,Uninterpreted Pattern,rate 01000 administrative support,,Needs Semantic Interpretation Review,0.3,,OPR-000005,weak_alignment_review,2026-06-27 22:40:30
SIL-000185,SPO-000072,filtered_alias,SA-000282,01000 administrative support and,Uninterpreted Pattern,01000 administrative support and,,Needs Semantic Interpretation Review,0.3,,OPR-000005,new_concept_candidate,2026-06-27 22:40:30
SIL-000186,SPO-000073,filtered_alias,SA-000283,administrative support and clerical,Uninterpreted Pattern,administrative support and clerical,,Needs Semantic Interpretation Review,0.3,,OPR-000002,new_concept_candidate,2026-06-27 22:40:30
SIL-000187,SPO-000074,filtered_alias,SA-000303,proposal volume,Proposal Structure,Proposal Volume,Submission and Proposal Management,Proposal Structure,0.78,proposal volume,OPR-000019,specialization_candidate,2026-06-27 22:40:30
SIL-000188,SPO-000078,filtered_alias,SA-000326,amendments of solicitations,Uninterpreted Pattern,amendments of solicitations,,Needs Semantic Interpretation Review,0.3,,OPR-000009,new_concept_candidate,2026-06-27 22:40:30
SIL-000189,SPO-000083,filtered_alias,SA-000339,to amendments of solicitations,Uninterpreted Pattern,to amendments of solicitations,,Needs Semantic Interpretation Review,0.3,,OPR-000009,new_concept_candidate,2026-06-27 22:40:30
SIL-000190,SPO-000001,filtered_alias,SA-000411,affairs national cemetery administration,Domain Specific Requirement,National Cemetery Operations,Domain-Specific Operations,Domain Requirement,0.86,national cemetery;cemetery,OPR-000005,weak_alignment_review,2026-06-27 22:40:30
SIL-000191,SPO-000092,filtered_alias,SA-000442,request for information,Uninterpreted Pattern,request for information,,Needs Semantic Interpretation Review,0.3,,OPR-000008,new_concept_candidate,2026-06-27 22:40:30
SIL-000192,SPO-000093,filtered_alias,SA-000499,payment registration,Pricing Structure,Payment and Invoice,Commercial and Pricing,Payment Administration,0.78,payment,OPR-000010,weak_alignment_review,2026-06-27 22:40:30
SIL-000193,SPO-000100,filtered_alias,SA-000561,method of solicitation,Uninterpreted Pattern,method of solicitation,,Needs Semantic Interpretation Review,0.3,,OPR-000009,weak_alignment_review,2026-06-27 22:40:30
SIL-000194,SPO-000033,filtered_alias,SA-000610,the contracting officer,Procurement Role,Contracting Officer,Acquisition Strategy,Procurement Role,0.78,contracting officer,OPR-000005,new_concept_candidate,2026-06-27 22:40:30
SIL-000195,SPO-000008,filtered_alias,SA-000621,pages amendment of solicitation,Submission Instruction,Solicitation Amendment Acknowledgement,Submission and Proposal Management,Submission Compliance,0.78,amendment of solicitation,OPR-000009,new_concept_candidate,2026-06-27 22:40:30
SIL-000196,SPO-000057,filtered_alias,SA-000630,performance work statement pws,Technical Requirement,Performance Work Statement,Technical Requirements,Technical Requirement,0.94,performance work statement;\bpws\b;work statement,OPR-000008,weak_alignment_review,2026-06-27 22:40:30
SIL-000197,SPO-000107,filtered_alias,SA-000681,source selection,Uninterpreted Pattern,source selection,,Needs Semantic Interpretation Review,0.3,,OPR-000008,new_concept_candidate,2026-06-27 22:40:30
SIL-000198,SPO-000108,filtered_alias,SA-000726,place of performance,Delivery Requirement,Place of Performance,Delivery and Logistics,Delivery Logistics,0.78,place of performance,OPR-000008,weak_alignment_review,2026-06-27 22:40:30
SIL-000199,SPO-000057,filtered_alias,SA-000733,statement of work,Technical Requirement,Performance Work Statement,Technical Requirements,Technical Requirement,0.78,statement of work,OPR-000006,new_concept_candidate,2026-06-27 22:40:30
SIL-000200,SPO-000111,filtered_alias,SA-000760,request for information rfi,Uninterpreted Pattern,request for information rfi,,Needs Semantic Interpretation Review,0.3,,OPR-000008,new_concept_candidate,2026-06-27 22:40:30
SIL-000201,SPO-000019,filtered_alias,SA-000821,request for proposal,Acquisition Metadata,Solicitation Metadata,Acquisition Strategy,Acquisition Metadata,0.78,request for proposal,OPR-000010,new_concept_candidate,2026-06-27 22:40:30
SIL-000202,SPO-000026,filtered_alias,SA-000851,quantity unit price,Pricing Structure,Unit Price,Commercial and Pricing,Pricing,0.78,unit price,OPR-000005,new_concept_candidate,2026-06-27 22:40:30
