evidence_id,recommendation_id,evidence_source,graph_version,product_version,evidence_summary,created_at
RECEV-000001,REC-000001,supplier_score_registry_v1 + opportunity_score_registry_v1,KG-1.0,0.1.0,"Supplier fit and opportunity bid-readiness are both strong enough to justify continued pursuit, subject to pricing and compliance review.",2026-07-01 14:16:58
RECEV-000002,REC-000002,opportunity_score_registry_v1,KG-1.0,0.1.0,"Opportunity complexity is high. Pricing should include risk review, delivery assumptions, compliance cost, and margin sensitivity.",2026-07-01 14:16:58
RECEV-000003,REC-000003,supplier_gap_registry_v1,KG-1.0,0.1.0,Supplier intelligence found compliance-related gaps or medium-strength evidence. Review FAR/DOSAR and compliance obligations before final bid decision.,2026-07-01 14:16:58
RECEV-000004,REC-000004,supplier_gap_registry_v1,KG-1.0,0.1.0,"Delivery fit should be strengthened. Validate logistics, location, staffing, travel, and execution assumptions before pricing.",2026-07-01 14:16:58
RECEV-000005,REC-000005,opportunity_intelligence + department_intelligence,KG-1.0,0.1.0,Evaluation concepts are present in the opportunity and department intelligence. Build a compliance matrix and proposal win themes around evaluation factors and award basis.,2026-07-01 14:16:58
RECEV-000006,REC-000006,opportunity_summary_registry_v1,KG-1.0,0.1.0,Technical concepts such as statement of work and performance work statement should be translated into a response compliance matrix.,2026-07-01 14:16:58
RECEV-000007,REC-000007,similar_opportunity_match_registry_v1,KG-1.0,0.1.0,"Similar Opportunity Engine found high-similarity historical-style opportunity patterns. Review technical, commercial, and evaluation overlap for reusable capture material.",2026-07-01 14:16:58
RECEV-000008,REC-000008,department_score_registry_v1,KG-1.0,0.1.0,Department intelligence suggests an identifiable buying style. Align capture strategy with the buyer's acquisition patterns and solicitation behavior.,2026-07-01 14:16:58
RECEV-000009,REC-000009,opportunity_risk_registry_v1,KG-1.0,0.1.0,"Opportunity intelligence identified risk flags. Resolve evaluation, compliance, delivery, documentation, and supplier-readiness risks before final bid approval.",2026-07-01 14:16:58
