supplier_master_name,renewal_count,renewal_value
Wcg International Consultants Ltd.; Lifemark Health Corp IN Joint Venture,2,1387002931.26
Oracle Canada,9,746826458.91
Ellisdon Civil Ltd.,2,666782009.54
Babcock International Group,1,665452127.92
Vfs Global,5,615179409.16
Deloitte Inc.,14,559139286.53
ADGA Group Consultants Inc,7,539710617.09
Orenda Aerospace Corporation,3,505989549.53
General Dynamics Mission Systems - Canada,2,447413596.42
PWC / PRICEWATERHOUSECOOPERS,15,403179272.82
General Dynamics Land Systems - Canada,4,399697186.73
Moderna Biopharma Canada Corporation,1,360542979.65
Accenture,7,355593333.56
United States Department OF The Navy (navsea),15,355190325.0
Medavie Blue Cross,1,311462995.0
Standard Aero Ltd,1,289215534.56
Heddle Marine Service Inc,2,278555650.0
C3 Fuel Nunavik Inc.,2,256416785.86
Calian Ltd.,22,247896059.26
IBM Canada Ltd,18,225519560.06
Pfizer Canada Inc,1,218379736.4
General Dynamics Ordnance And Tactical Systems - Canada Inc,22,209948598.0
International Airfinance Corporation,1,204000000.0
"Infosys Public Services, Inc",1,203399661.77
Ontario Shipyards,4,191334534.88
Aecom,10,178704229.61
Sirva Canada LP,2,174842147.94
Raytheon Canada Ltd,5,165028063.12
Atlantic Towing Ltd,1,159979076.6
Merck Canada Inc,2,147689048.62
United States Department OF The Navy (navair),19,146365890.0
ST Johns Dockyard Ltd,4,141635390.98
Garda Canada Security Corporation,5,131852317.97
Manteena Security (aust) Pty Ltd,4,131219437.76
Chantier Naval Forillon,2,127516532.0
D/b/a Emergent Biosolutions,5,125839445.67
United States Department OF The Air Force (afsac),14,125192208.0
Teksystems,12,121814565.49
General Electric Canada,1,115000000.0
Gec Aviation Inc,1,115000000.0
Canadensys Aerospace Corporation,3,103718121.66
"Pcl Constructors West Coast Inc., Pcl Constructors Canada Inc., In Joint Venture",1,101851571.62
Glaxosmithkline Inc,4,101628599.42
Zeidler Architecture,1,101621997.35
Pomerleau Inc,2,96966479.67
Modis Canada Inc,8,96220799.67
Imp Group Ltd - Aerospace Division,4,95619202.48
LE Groupe Harnois Inc,2,93846104.8
Mercedes-benz Canada Inc,4,92055795.0
Systematix IT Solutions Inc,5,90471812.77
Veritaaq Technology House Inc,8,78912628.26
L3HARRIS Mas,1,78706802.0
Daimler Truck AG,2,74594314.31
Randstad Interim Inc,7,73982824.05
Sanexen Environmental Services Inc.,1,72448172.66
Lockheed Martin Canada Inc,4,70962344.75
Ford Of Canada,1,70000000.0
MDA Systems Ltd,8,69212756.2
Rohde And Schwarz,3,69161478.18
United States Department OF The Air Force (afsat),7,68760061.0
Pylon Electronics Inc,1,66823490.45
"Zodiac Hurricane Technologies, Inc",2,64248153.79
MDA Geospatial Services,2,64110848.11
"Harris Corporation, RF Communications Division",4,63870258.7
Rheinmetall Canada Inc,2,63857116.0
"Colliers Project Leaders Inc, Tiree Facility Solutions Inc IN Joint Venture",6,61507687.28
Cbn,1,61124570.95
Sanofi Pasteur Ltd/sanofi Pasteur Limitee,2,60204284.3
Ebc Inc,1,59999000.0
Arup Canada Inc,1,59645049.43
Emergent Biodefense Operations Lansing,2,59341212.4
Baxters Canada Inc,1,57640358.88
General Motors OF Canada Ltd,1,56000000.0
"Bluewave Energy, Ultramar, Columbia Fuels",3,54933723.84
Sca-shipping Consultants Associated Ltd,3,54905873.34
Graybridge Malkam,2,54445240.87
Demathieu Bard Construction Inc,1,53262060.86
Ernst & Young Llp,7,52745575.01
Industries Ocean Inc,1,51720096.21
Weatherhaven Brockville,4,51302372.99
Defense Information Systems Agency (disa),5,50440800.0
Mcw Custom Energy Solutions Ltd,2,50232940.06
Arctic Fresh Projects Inc.,3,49771481.38
"Atco Frontec Ltd, Inuvialuit Development Corporation IN Joint-venture",1,48401800.0
Man Diesel & Turbo Canada Ltd,1,48000000.0
Qinetiq Plc,1,47967583.0
Maxim 2000 Inc,1,46748504.8
United States Department OF The Navy (navicp),4,46538891.0
TT Visa Services Ltd,1,45944280.0
Kraken Sonar Systems Inc,1,45843622.0
Kraken Robotics,1,45843622.0
"Elusys Therapeutics, Incorporated",1,45712664.4
Landmark Solutions Ltd.,1,45460913.96
Titan Boats,6,43691866.71
Cofomo Inc.,2,43654207.44
Wsp Canada Group Limited,12,42630946.51
1576254 Ontario Inc,2,42157595.16
Team Makwa/tpg,5,41263391.28
Chantier Davie Canada Inc,1,40241250.0
Cache Consulting,3,39478964.02
Mindwire Systems Ltd,3,38749353.3
Tofcon Construction Inc,1,38508517.0
Corbel Management Corp,1,37846367.0
Finn Way General Contractor Inc,1,37516000.0
Elsevier BV,21,37063517.49
"Covenco Ltd; Western Inventory Service Ltd, IN Joint Venture",1,36455932.8
Covenco Ltd,1,36455932.8
Ibiska Telecom Inc,6,36433293.66
Norr Dialog Joint Venture,1,36409558.74
Transwest Air,2,36261442.0
Dew Engineering And Development Ulc,3,35609129.26
Everllence Canada Ltd.,2,35000000.0
"Thales Canada, Land & Joint Systems, Optronics Business Unit",1,34600000.0
Bayshore Healthcare,3,34209662.91
KPMG Llp,4,33668110.78
Groupe Océan Inc.,4,33322249.63
"Palfinger, Inc",1,32379175.55
Tfsi,3,32197830.67
Fca Canada Inc,1,32000000.0
Kyndryl Canada Limited; Global Knowledge Network (canada) In Joint Venture,1,31232536.38
Toromont Industries Ltd./ Industries Toromont Ltee,3,30804775.0
Bird Construction Group,2,30774924.9
Adrmtec,2,30636468.19
Symcor Inc,1,30295865.0
Altis Technology,5,30048004.6
Weatherhaven Global Resources Ltd,1,29779831.0
Milestone Environmental Contracting Inc.,2,29755697.72
Imperial Cleaners Ltd,14,29534927.88
"Adirondack Information Management Inc., Entrust Limited, Artemp Personnel Services Inc., The Aim Group Inc., In Joint Venture",2,29035657.58
Nunavut Arctic Services,6,28821583.94
Aerex Avionics Inc/aerex Avionique Inc,3,28743750.0
Petrovalue,3,28660960.56
Motorola Solutions,3,28238721.32
Nuna East Ltd,1,28140485.51
Vaisala Oyj,2,28112045.08
Ffg Flensburger Fahrzeugbau Gesellschaft Mbh,5,27639538.0
Tcds,4,27632905.9
Ifathom Corp,2,27114268.44
S&p Global,7,27035448.55
Cambli Group Inc,2,26143421.72
S I Systems Ltd,5,25641145.58
Amex Bank OF Canada,1,25628148.0
"Granicus, Llc",1,25475059.05
"Mindwire Systems Ltd., Akkada Professional Services Inc., Hubspoke Inc., In Joint Venture",2,25399518.93
Jcl Investments Inc,2,24950968.1
National Services Aux Immeubles,5,24775045.84
Casp Aerospace Inc/casp Aerospatiale Inc,1,24719625.0
Bell,2,24668683.77
Tpg,3,24590010.76
Twin Feathers Fuel Ltd.,1,24539124.83
Kbl Projects Ltd,2,24134831.21
Reliable Window Cleaners (sudbury) Ltd,4,24120577.86
Space Strategies Consulting Ltd,2,23611992.34
CGI Information Systems And Management Consultants Inc./conseillers EN Systemes D'information ET EN Gestion CGI Inc.,2,22535101.0
Avondale Construction,1,22464578.4
Hfi Pyrotechnics Inc,3,22192066.53
Zutphen Contractors,3,21710397.82
R J G Construction Ltd,2,21567847.5
"Tato Recruiting Inc., S.i. Systems Ulc., In Joint Venture",2,21368013.92
Groupe Onscope Inc,1,21351168.54
Jasco Applied Sciences,4,21015748.49
Groupe Excelso,1,20910449.67
Black & Mcdonald Ltd,10,20880276.9
1872087 Ontario Inc,1,20784362.53
Sdl International (canada) Inc,2,20708006.94
Keystone Environmental Ltd,4,20640000.0
Gdms-c,1,20340000.0
Vector Aerospace Engine Services-atlantic Inc,1,20230397.82
"Narl Marketing Inc., North Atlantic Refining Corp., In Joint Venture",1,20154791.05
"Government Of Nunavut, Department Of Community And Government Services, Petroleum Products Division",1,20000000.0
Slr Consulting (canada) Ltd.,2,19300000.0
Marpro Marine Services Ltd.,1,19233039.14
LP Royer Inc,2,19203997.46
Raymond Chabot Grant Thornton,3,19149250.0
Patlon Aircraft & Industries,7,18927982.7
Bridgestone Canada Inc,4,18900000.0
Cls Lexi-tech Ltd,25,18805523.78
United States Department OF The Navy (spawar),5,18467165.0
Meggitt Training Systems Canada,1,18428829.0
"Onaki Creation S.e.n.c., Ibiska Telecom Inc., In Joint Venture",1,17912749.54
Imprimeries Transcontinental 2005 S.e.n.c.,1,17252940.57
Airborne Systems Ltd,1,17196723.0
Ropack Inc,1,17177197.26
Bell Mobility Inc (radio Division),1,16950000.0
Bulldog Contracting Ltd,2,16743206.5
Promaxis Systems Inc,3,16713189.16
Bavarian Nordic A/s,1,16684815.0
Allied Shipbuilders Ltd,1,16652089.83
Zht,5,16060751.06
Alliance Humakare,1,15863100.37
The John Howard Society OF Canada,6,15831214.84
Toyota Canada Inc,1,15742535.93
Irving Oil Ltd,1,15741886.95
Leonardo MW Ltd,1,15700000.0
Holland College,1,15679760.39
T0.technology,6,15498907.87
United States Department OF The Navy (misc),2,15461715.0
Top Notch Enviro-ex Joint Venture,1,15411375.0
Neoprene Canada Inc,1,15232310.0
"Marshall Aerospace Canada, Inc",1,15200000.01
Strong Bros Heating & Air Conditioning & General Contracting Ltd,1,15119431.38
13618153 Canada Inc,1,14849795.02
Dragage Océan DM Inc.,1,14847190.84
Coradix Technology Consulting Ltd,1,14762394.35
Maplesoft Group,1,14713220.64
Formula Contractors Piling And Bridge Ltd.,1,14708763.3
Peters Bros Construction Ltd,1,14645621.55
Sierra Systems Group Inc,3,14558301.18
Northern Industrial Construction Ltd,1,14544774.85
Act Inc,14,14228201.04
Esri Canada Ltd,42,14175845.64
Valcom Consulting Group Inc,5,14175432.1
The Halifax Group,1,14046743.67
Stantec Experts-conseils Ltée,11,13908171.16
Compass Group Canada Ltd,2,13903381.1
Home Hardware Stores Limited,1,13894760.64
Wescam,1,13827015.8
Gestion AJ (2003) Inc,1,13790434.9
Brawn Construction Ltd,2,13736668.78
Logiciels Purkinje,1,13681028.45
Carleton University,3,13268171.78
"Adrm Technology Consulting Group Corp., Randstad Intérim Inc./ Randstad Interim Inc., In Joint Venture",1,13265574.3
"Ppm Civil Constructors, Ulc",1,13258048.65
Abco Industries Inc,4,13203940.46
Driving Force,1,13152825.0
Enterprise Rent-a-car,1,13152825.0
Commander Pacific Fleet (compacflt),1,12934115.0
"Indal Technologies, A Business Unit OF Curtiss-wright Flow Control Company",1,12651000.0
Défense Simex Inc,4,12553143.54
Camosun College,2,12539445.68
United States Department OF The Army (tradoc),4,12324213.0
Lloyd Libke Law Enforcement Sales,1,12083251.25
Sperry Marine Canada,3,12028502.55
"World Fuel Services Canada, Ulc",1,11791050.0
Bronwserk Marine Inc.,2,11556700.0
Petro Air Services Inc,2,11453214.44
Abb Canada,8,11405428.32
US Edirect Inc,1,11202235.0
Cme,11,11197874.76
Cofomo Ottawa,2,11041955.44
Westower Communications,3,11010038.2
Marine Contractors Inc,1,10957488.65
"Advanced Chippewa Technologies Incorporated, Modern Deploy Technology Inc., IN Joint Venture",2,10926123.21
"Broco, Inc.",2,10799020.0
Sterling Fuels,1,10792638.09
Bonnechere Excavating Inc.,2,10721632.44
"Dexterra, Dexterra On Demand Inc., Dexterra On-demand, Dexterra Services Llc, Vci Controls",11,10706510.2
Air Inuit Ltd,1,10571177.36
MDA Space,2,10555217.07
Adirondack Information Management Inc,2,10537784.65
Architecture49,4,10513945.65
Tetra Tech,1,10500000.0
Med-eng Holdings,2,10500000.0
Steeple Inc,1,10429708.0
Fujitsu Consulting (canada) Inc/fujitsu Conseil (canada) Inc,1,10342001.25
Cae,1,10340775.0
Englobe Corp.,12,10339271.7
Niksik Leasing & Sales,2,10233244.7
Madsen Diesel & Turbine,4,10176507.0
Raymond Chabot Grant Thornton Consulting Inc,1,10035995.2
Alliance Engineering & Construction,2,10009422.19
Sysco Maritimes / Sysco Edmonton / Sysco Quebec,13,10000012.0
Gordon Food Service,2,10000001.0
Atlantic Grocery Distributors Ltd,1,10000000.0
Logistik Unicorp Inc,1,9979533.0
Snc-lavalin Inc,10,9948030.1
Mckesson Canada,1,9600000.0
Ramco Systems Canada Inc.,1,9441099.15
Samson & Associes/samson & Associates,8,9342049.93
Procom,1,9282800.0
Pennecon Energy Hydraulic Systems,4,9100000.0
National Security Agency (nsa),2,8830999.0
Concierge International,2,8819243.33
Beaulieu Plumbing And Mechanical,1,8714700.0
Michelin North America (canada) Inc./michelin Amerique DU Nord (canada) Inc.,3,8700000.0
Aramark Quebec,2,8682074.98
Caltrio Company Ltd,5,8652277.68
Avon Polymer Products Ltd,1,8551683.5
Intertek Carnot Emission Services,2,8446022.18
Oxford Instruments America Inc,1,8399224.0
Progressive Ventures Construction Ltd.,1,8372129.87
Entrust Limited,4,8338234.5
"Gambit ID Inc., ADGA Group Consultants Inc., In Joint Venture",1,8332238.25
MDA,2,8092448.22
Bcs Automation,2,8052235.84
Lengkeek Vessel Engineering Inc,2,7986525.0
Q-block Computing Inc.,3,7959720.75
Cégep Saint-jean-sur-richelieu,1,7939263.48
Sani-sable LB Inc,2,7867573.06
Construction Polaris Cmm Inc.,2,7826348.25
R.w. Tomlinson Ltd.,2,7810792.76
Nuix Canada Inc.,4,7741584.04
Saab Dynamics Aktiebolag,1,7726320.0
Gea Mechanical Equipment Inc,3,7685500.0
Griffon Hoverwork Ltd,3,7654275.77
United States Department OF The Navy (netsafa),3,7647787.0
Industries Océan,1,7638436.83
Donna Cona Inc,24,7590236.36
Polaris Government & Defense,1,7533896.56
Artex Sportswear Inc,1,7525629.0
Altis Specialized Professional Resources And/or Altisspr And/or Altis Professional Recruitment,1,7425545.4
Lifespeak Inc,1,7383081.75
Hill+knowlton Strategies Canada,2,7326918.87
Als Environmental,2,7318500.0
Postmedia Network Inc,2,7250193.47
Overland Custom Coach (2007) Inc,1,7165615.68
Republic Architecture Inc,8,7145664.27
"Coastal Conservation, Inc.",1,7144539.14
Sila Remediation Inc.,3,7084592.03
Sixnar Construction Inc.,2,7082735.65
Tiree,1,7029145.14
Cornerstone On Demand,3,7003869.33
Kia Canada Inc,1,7000000.0
R&r International Translation Specialists Inc,9,6919887.0
United Rotary Brush Corporation,1,6900000.0
Cbcl Ltd,9,6874693.49
United States Department OF The Army (usasac),6,6872064.0
Asdr Canada Inc.,5,6860929.39
Dexter Construction Company Ltd,2,6836580.0
Progressive Waste Solutions Canada Inc,4,6781805.94
Taggart Construction Limited,2,6775214.96
"Mitsubishi Motor Sales OF Canada, Inc",1,6773291.42
Avi-spl Canada Ltd,1,6742766.9
Thompson Boiler Works Inc,2,6651312.2
Northwest Marine Technology,1,6622550.0
Thomas Fuller Construction CO Ltd,1,6577831.33
Dragage IM,1,6564480.22
Horizant Inc,8,6534411.32
Veyron Projects Inc.,1,6522546.43
Vectored Propulsion Technologies Inc.,3,6507530.98
"Architecture49 Inc, Len Ward Architecture, Inc, IN Joint Venture",1,6499452.77
General Dynamics-ots Canada Inc.,1,6492689.47
Commercial Truck Equipment,1,6471356.84
Global Spatial Technology Solutions Inc. (gsts),2,6464025.59
Pivotal Power Inc,2,6434188.0
David Carriere And Associates Inc,1,6423353.32
Goodyear Canada Inc,2,6400000.0
Forward Mining,1,6373989.49
Pavex Ltée,1,6366869.82
Tundra Technical Solutions,1,6251961.09
Northern Sky Architecture Inc,2,6213204.52
Ainsworth,6,6195522.81
Vancouver Drydock Company Ltd,1,6130936.63
Pcl Construction Management,1,6114814.88
"Bbb Architects Ottawa Inc, Adamson Associates, IN Jointventure",1,6098466.0
Les Entreprises P E C Inc,4,6084030.37
"Oclc, Inc.",3,6014318.66
Mustang Survival Corp,2,6011975.73
Walker Technical Inc.,1,6000000.0
Abb Inc. (paen),2,6000000.0
Heliwelders Canada Ltd.,1,5981500.0
Cima + Senc,2,5962902.15
Canal Marine & Industrial Inc,5,5936704.46
Winkler Building Supplies (1981) Ltd.,1,5931058.01
Asokan Business Interiors,23,5914722.98
Mcelhanney Consulting Services Ltd,4,5911362.95
Salumaq Environmental Contracting Ltd.,2,5910507.96
Tomlinson Environmental Services,2,5869807.04
Gilmore Global,3,5798500.0
Ndc Construction Ltd,1,5796000.0
Nova Scotia Community College,3,5776542.35
Beyond Technologies Consulting Inc,1,5759971.56
1956466 Ontario Inc O/a Jwk Contracting,1,5754039.1
Rhenus Logistics Canada Ltd,1,5749250.0
Sfc Energy Ltd,1,5748750.0
Niche Technology Inc,1,5748570.94
Cae Aircrew Training Services Plc,1,5657300.0
Springcrest Inc,1,5650000.0
"The Armored Group, Llc",2,5650000.0
Outlaw Eagle Manufacturing Ltd,5,5642828.51
Levio Conseils Inc.,1,5608354.61
Laporte Experts Conseils / Laporte Engineering,1,5584768.49
Mission Control Space Services Inc,2,5564299.89
Mackay Marine Canada,3,5562916.53
Siemens Canada Ltd,9,5557142.5
Ribbit,2,5551174.8
Soft Computer Consultants,1,5549178.29
Tactiql Inc.,3,5532032.83
Trm Technologies,1,5524120.47
Pac Seafood Canadian Vessel Holding Inc,1,5460000.0
Silliker Canada CO,1,5423672.38
704507 Nb Ltd,2,5405000.0
Sante Health Services,2,5398224.98
"Fenix Group, Inc",1,5396025.0
Westpeak Projects Inc.,1,5376824.25
Joseph Elie (petro-canada),2,5361434.7
AB Precision (poole) Ltd,2,5359918.66
Intercon Marine Inc,5,5345106.06
Bouthillette Parizeau Inc,2,5341207.1
Gdi Integrated Facility Services,4,5325121.65
Nations,11,5323532.24
Maçonnerie Rainville & Frères Inc,1,5277352.5
Island Temperature Controls Ltd,1,5250000.0
Bomimed Inc,2,5234753.54
Magic Light Games Inc,1,5200000.0
"1511995 Ontario Ltd, Tundra Technical Solutions, In Joint Venture",1,5196839.61
2151706 Ontario Inc.,1,5172736.45
Office Move Pro,1,5156900.0
Inter-op,3,5126603.37
Enveloppe Concept Inc,1,5117000.0
Janes Group UK Ltd,1,5085000.0
Construction Renaud & Vigneau Inc.,3,5066608.05
Ansys Canada Ltd,16,5044906.27
Wildlife Computers,1,5000000.0
Pattison Sign Group Inc.,1,5000000.0
Nitam Solutions Inc,12,4985557.57
In-line Contracting Partnership,1,4973466.75
Tritech Group Ltd,1,4967572.21
Apparel Trimmings Inc,3,4905979.25
"Techsol Marine Inc., François Lessard, In Joint Venture",4,4884682.14
Millbrook Tactical Inc,3,4878298.86
Spécialists De La Traduction R&r International Inc,6,4836764.88
Evoq Architecture,4,4827924.15
Agilent Technologies,9,4786849.8
Globvision Inc,2,4786223.04
Dymech,4,4767311.87
Chandos Construction,2,4764025.36
Nutritek,2,4761647.08
Military Travel Inc,3,4750000.0
Ats Traffic,1,4721824.82
Thermo Fisher Scientific (mississauga),12,4715227.08
Slm Solutions (canada) Ltd.,2,4694630.12
First Air,1,4680504.29
L Breau And Sons Ltd,1,4655359.47
Delco Security,1,4643635.0
Rampart International Corp,3,4597720.0
Marine Transportation Services,2,4525618.65
AB Sciex LP,4,4515431.25
Canadian Paediatric Society,1,4507297.63
Advanced Energy Management Ltd.,5,4504044.5
Materials Distribution Agency,1,4500000.0
Jeppesen Foreflight,1,4492772.0
Nanuk Protection D'équipements Inc./nanuk Gear Protection Inc.,1,4491826.24
Mackinnon & Bowes Ltd,1,4478901.9
Canadian Bureau For International Education,1,4468522.8
Spu,1,4459450.08
Testforce Systems,6,4443475.0
Bruker Ltd,8,4437827.14
Ador Tech Inc.,19,4431344.9
Levitt-safety Ltd,3,4431158.15
Rheinmetall Electronics Gmbh,1,4427614.98
Ova Inc,7,4376162.17
Gfl Environmental Services Inc.,4,4365067.6
Softnav Systems Inc,1,4363301.25
H2 Analytics,2,4352459.44
The Salvation Army Dunsmuir House,1,4347123.68
The Royal Architectural Institute OF Canada,3,4344146.47
Fleetway Inc,1,4320000.0
Seaspan,1,4320000.0
Vard Marine Inc,1,4320000.0
Megalexis Communications Inc,8,4317888.0
Les Constructions Beland & Lapointe Inc.,1,4290162.84
Nu Instruments,2,4249577.44
152610 Canada Inc,2,4197691.83
Les Technologies Forensic (canada) Inc.,2,4165029.84
Uniform Works Ltd,2,4154412.0
Ebsco Canada Ltd,10,4134885.33
Rheinmetall Landsysteme Gmbh,1,4127543.37
Questel Orbit Inc,1,4094117.3
Fox Translations Ltd,1,4067830.5
A Hundred Answers Inc,1,4049250.0
Cleeve Technology Inc,1,4044928.0
Wildstone Construction & Engineering Ltd,1,4015601.1
Maxsys Staffing & Consulting,2,4007938.35
Techniewmics,1,4000000.0
Harding Safety Canada Inc,1,4000000.0
Polaris Industries Ltd. /les Industries Polaris Ltee.,2,4000000.0
Terma Inc,3,3994261.42
Lloyd's Register Atg,2,3987496.55
Suncor Energy Products Partnership,1,3953644.0
Cbci Telecom,1,3940765.0
Ino,1,3937184.35
Associated Engineering,1,3905057.08
Compusult Ltd,1,3904234.83
Exploits Welding And Machine Shop Ltd,1,3903211.55
Critical Solutions International,2,3900941.26
Standard Aero Limited Standaero Limitee,1,3900000.0
Cartel Communication Systems Inc,2,3848894.93
Sensequake,3,3842255.0
Dust-moon Maintenance Ltd,2,3798980.76
Indro Robotics Inc.,2,3784534.43
Cummins Energie Est DU Canada Inc,6,3780127.92
Nav Canada,1,3780000.0
Minodahmun Horizon North Joint Venture,1,3779405.77
Hoskin Scientific Ltd,8,3745857.74
Flender Corporation Canada,5,3727537.18
St-gelais Montminy & Associés Architectes Inc.,2,3725032.94
512473 Ontario Inc,1,3706400.0
Colliers,1,3704432.71
Pacific Safety Products Inc,1,3697784.0
Services Petroliers MT Inc.,3,3691973.15
Orangutech Inc,13,3675033.35
Atlantic Roofers Ltd,2,3674000.0
Gordian,1,3666624.18
Data Communications Management,1,3641131.2
Zero Point Cryogenics Incorporated,2,3637756.87
Seawatch Inc,1,3629693.65
Aral Construction (2014) Ltd,1,3622464.3
6318703 Canada Inc.,3,3621512.77
Primex Project Management Ltd,1,3600000.0
Smiths Detection,2,3590608.0
Ideal Aerosmith Inc,2,3586992.0
Flight Fuels Ltd Partnership,2,3583747.81
Ketza Pacific Contracting Ltd,1,3578854.18
"Lander Simulation & Training Solutions, S.a.",1,3575814.72
Teknion Furniture Systems,18,3547443.63
Falck Safety Services,1,3547442.9
Carverys Construction Ltd,5,3521212.93
Sparkpower Corporation,1,3518820.0
A P M Diesel (1992) Inc,1,3479387.0
"Agilent Technologies - Life Sciences And Chemical Analysis, Americas",8,3470310.91
Evripos Janitorial Services Ltd,2,3464434.13
Wyndscapes Contracting Ltd,1,3459970.0
"Systematix IT Solutions Inc., Systematix Technologies DE L'information Inc., Les Services Conseils Systematix Inc., Systematix Technology Consultants Inc., In Joint Venture",1,3447870.3
Esw Group,2,3439186.93
Telesat Canada,1,3432650.72
University Of Waterloo,1,3412775.0
Charex,1,3402433.26
Yamaha Motor Canada Ltd,1,3400000.0
Philson Ltd,1,3399917.5
University Of British Columbia,5,3391995.15
Rosho Demolition Inc,1,3373594.58
Formerly Sliao,2,3367991.42
The Great Canadian Meat Company Inc,1,3365729.52
Evision,1,3352671.0
Asl Environmental Sciences Inc,3,3333418.2
Systematic Solutions,1,3300000.0
Otis Canada Inc,7,3264759.83
"GQ Life Sciences, Inc",1,3259994.72
6954251 Canada Inc. Dba Hudson Productions,1,3232011.64
Hudson Productions,1,3232011.64
Nations Translation Group,5,3208953.13
Value Master Builders Ltd,2,3202500.0
Commissionaires BC,1,3200000.0
Slate Construction Inc,1,3193015.34
Carleton Electric Ltd,1,3181821.12
Selkirk Mountain Helicopters Ltd,1,3177600.0
Opsis Gestion Dinfrastructures Inc,1,3167356.96
Agfa Healthcare Inc,2,3162247.11
The Masha Krupp Translation Group Ltd,2,3159255.0
Bullin Construction Co. Ltd.,1,3150000.0
Pacific Northwest Fire Protection Inc.,1,3150000.0
Algenta Technologies Llc,2,3140904.76
Bell Canada,3,3128505.59
Wood Mackenzie,3,3115849.6
Telus Communications,2,3111163.4
Airbus Helicopters Canada Ltd,2,3079820.55
Orbis Risk Consulting,1,3065999.99
Bdo Canada Llp,1,3065999.99
Totem Offisource Inc,8,3061821.47
LE Groupe Syntagme Inc,3,3057981.46
Data Centre Intelligence,2,3054724.1
Pacific Industrial & Marine Ltd,1,3048360.0
Solacom Technologies Inc,2,3025874.04
Carmichael Engineering Ltd,6,3014964.2
Nova Communications,1,3009816.3
Datum Marine Services Ltd,1,3000000.0
Excel Engineering,1,3000000.0
Battlefield Equipment Rentals,1,3000000.0
Banfield Agency,1,3000000.0
Government OF The Province OF British Columbia,1,3000000.0
Shelburne Ship Repair,1,2976286.53
Hawboldt Industries (1989) Ltd,2,2965599.0
Cnw Group Ltd,4,2964973.22
Weldexperts Inc,1,2941249.79
University Of Victoria - Ocean Networks Canada Society,1,2940000.0
Camp Systems International,1,2937208.62
Adstra Systems Inc,1,2932607.41
Kpler Inc,1,2908842.97
1207931 Ontario Limited,1,2906439.1
Systems For Research Corp,2,2895983.0
Corporation DU Fort St-jean,1,2893621.92
Kalo Stantec Limited,1,2887500.0
9205187 Canada Ltd.,1,2883679.98
Tedford Garage Doors,1,2880000.0
Pd226058,1,2874375.0
Highland Moving And Storage Ltd,1,2874292.0
"Tyco Integrated Fire & Security Canada, Inc/tyco Feu ET Securite Integres Canada, Inc",3,2861671.0
Pilog Incorporated,1,2859241.99
Gemtec Ltd,4,2837248.9
Colt Canada,1,2825000.0
"Adirondack Information Management Inc, The Aim Group Inc IN Joint Venture",2,2814000.0
Solotech Inc,2,2801334.28
"Aim Group Inc, The",2,2786400.0
Volvo Car Canada Limited,1,2782665.05
C-core,2,2782500.0
DR Oetker Canada Ltd,1,2778757.5
Larus Technologies Corporation,1,2774828.0
Pharmascience Inc,1,2767397.12
Gat Intl Localization Services Inc,5,2735488.27
Pittmans Enterprises Ltd,1,2711847.2
Lowe-martin Company Inc,2,2706702.0
Construction Mafranc Inc,2,2695014.0
Allseeing Corp,1,2693875.0
L3 Communications Mapps Inc,1,2688977.81
Sts Maintenance,1,2686232.6
Qdrilling &remediation Inc,2,2679000.0
Hike Metal Products Ltd,3,2674098.0
Sandoz Canada Inc,1,2668241.31
Gamble Technologies Ltd,4,2659628.06
E-lockers Inc,3,2658324.11
Exo Insights Corp.,2,2652197.82
Les Traductions Tessier,5,2651323.5
"Academi Training Center, Llc",1,2637814.95
Sysnergie Inc,2,2635826.9
9374-0587 Quebec Inc.,1,2633832.07
Applied Electronics Ltd,2,2629652.51
The Globe And Mail Inc/publications Globe And Mail Inc,4,2629185.45
Mid-west Pump Ltd,1,2625000.0
Mnp,1,2622652.56
Jastram Technologies Ltd,2,2620938.77
Independent Robotics Inc./robotique Independent Inc.,1,2618739.29
"Ovid Technologies, Inc",4,2595778.44
"Invitrogen, Applied Biosystems",9,2591628.24
Gemalto Canada Inc,1,2587366.13
Chaac Technologies,1,2584228.49
Airadar Inc.,1,2564661.78
G.p. Splinter Forest Products,1,2563292.0
Pacwill Environmental,3,2552606.88
Adobe Systems Federal Llc,2,2548964.23
Northern Contracting Ltd,1,2546142.12
Israel Aircraft Industries Ltd Malat Division,1,2528262.0
Israel Aerospace Industries Ltd,1,2528262.0
Zighra Inc.,1,2525544.35
Malahat Solutions Inc,2,2511250.52
Nick Mahoney Construction Ltd.,1,2490000.0
Allied Systems Company,3,2485354.1
Nuvu Cameras Inc,1,2475772.9
"Vemco, A Division OF Amirix Systems Inc",1,2475385.0
Cdw Canada Corp,5,2473885.34
Commercial Cleaning Services,1,2471287.32
Air Liquide,5,2464657.3
Avss - Aerial Vehicle Safety Solutions Inc.,2,2453372.74
"1286756 Ontario Limited, 1286752 Ontario Limited, ET AL",1,2444223.9
Le Devoir Inc.,1,2424985.45
Ecopia AI,1,2424002.09
Groupe Multi-services Galipeau,3,2413060.79
Keysight Technologies Canada Inc,3,2411637.27
Wsp,5,2410723.43
Vaultie,2,2409966.45
Safdie Architects Llc,1,2401554.87
Bristow Instruments (1977) Ltd.,5,2400219.62
Mcmillan Llp,1,2373000.0
Dalsa Inc,1,2363685.55
Barrons Refrigeration & Heating Ltd,2,2362500.0
Quantum Bridge Technologies Inc.,1,2353296.75
Symetri Canada Inc.,3,2349866.75
Toure Cleaning Services,1,2343514.16
Samson Enterprises Ltd,1,2338420.34
Entreprises Verrecchia Inc.,1,2319591.88
Xanalys,1,2306625.13
Valley Refrigeration Ltd,1,2300000.0
Sikumiut Environmental Management Ltd,1,2300000.0
University OF Guelph (lab Services),1,2300000.0
Homestar,2,2287925.0
Sym Communications,7,2268916.65
Ultra Communications,1,2264869.47
Creaform Inc,3,2261144.34
Decisive Technologies Inc,1,2255001.23
Candorbuild Construction Corp,1,2250000.0
Wocasa Supply Inc,1,2243089.55
Service Star Building Cleaning Inc,3,2241110.76
Sbq,1,2237475.24
Rollantech Inc.,7,2235861.38
Earthdaily Analytics,1,2232852.16
Nato School Oberammergau,1,2232102.14
Fastenal Canada,1,2222222.22
"Brogan Safety Supply, Division Of Guillevin International Co.",1,2222222.22
Loraday Environmental Products Ltd,1,2222222.22
Centuryvallen,1,2222222.22
Tenaquip Limitee/tenaquip Limited,1,2222222.22
Acklands Grainger,1,2222222.22
Softchoice,14,2220569.8
Ndc-fournier Inc.,1,2203564.52
Cjv Pas Aeromag,1,2196124.87
9148736 Canada Inc,1,2192400.0
Airsuite Inc.,1,2184632.45
Nails Enterprises (2007) Inc.,2,2157750.0
Capital Foodservice,1,2150000.0
Flex Knit Inc,1,2142690.0
Mikisew Landing Limited Partnership,1,2142367.52
Techi?q Limited,1,2141485.45
Soucy International Inc,1,2135906.61
West Coast Tug & Barge Ltd,2,2124914.21
Ansys Government Initiatives,2,2122551.32
"Tci Translators, Conference Interpreters Inc",3,2121423.85
Ibi Group,1,2116770.39
Intellera Inc,1,2115540.0
Online Constructors Ltd,1,2112755.4
Dga Clean-air Services Ltd,1,2100000.0
Beyond Aerospace Ltd,1,2094655.49
Aklak Air,1,2090214.7
Norda Stelo Inc,1,2084774.99
Canadian Broadcasting Corporation,1,2034000.0
Tti Tactical Technologies Inc,1,2031608.92
Broder Electric Ltd.,1,2026810.87
Abloy Canada Inc,3,2025000.0
Hawboldt Industries (1989) Ltd; Hermanos Toimil Garcia SL IN Joint Venture,1,2024000.0
Allium US Holding Llc,6,2007608.85
Kubota Canada Ltd. Kubota Canada Ltée,1,2000566.87
Kent Building Supplies (division OF J.d.irving Ltd),1,2000000.0
Cubex Equipment,1,2000000.0
Terragon,2,2000000.0
Telerob Gesellschaft Für Fernhantierungstechnik Mbh,1,1998625.53
2220742 Ontario Ltd,1,1996570.02
Smiths Detection Canada,1,1994631.0
Western Petroleum Newfoundland Ltd,1,1988207.0
Envirosafe Janitorial Inc.,4,1978763.05
Ara Robotique Inc / Ara Robotic Inc,1,1978592.25
Total Compensation Consulting,1,1963636.38
Mea Health,1,1963318.5
United Rentals,4,1953739.4
"Subaru Canada, Inc",1,1946203.99
Channel Management International,2,1932797.37
Abi,5,1932730.07
Waters Limited/waters Limitee,7,1928702.26
Homewood Health Inc,1,1918395.11
Darr Welding And Fabricating Ltd,1,1892000.0
Erm Consultants Canada Ltd,1,1890000.0
JH Acquisition Llc,2,1883739.38
Visiontec (2008) Ltd,1,1882944.6
Très Bonne Idée Inc.,2,1879625.67
Evident Scientific,2,1872458.7
"Tesla, Inc.",1,1869588.66
Helifor Industries Ltd,1,1869000.0
Sodrox Chemicals Ltd,1,1868750.0
Dpl Science,1,1868301.21
Honda Canada,1,1864667.23
Canadian Standards Association,3,1850282.84
Staff Shop Inc.,2,1842151.92
Shm Canada Consulting Ltd,1,1841670.0
Pelham Electric & Refrigeration Ltd,1,1840000.0
Canadyne Technologies Inc,1,1840000.0
University Of Western Ontario,1,1839866.0
Shift Coastal Technologies Ltd.,1,1839770.68
Larue,1,1828373.5
MC Countermeasures Inc.,1,1820680.16
Gambit IT Solutions Inc,2,1810602.75
Stonehaven Productions Inc,1,1804815.77
Bellboy Drycleaners,1,1800000.0
"Don Wehage Trucking Ltd.,101247885 Saskatchewan Ltd.,101247879 Saskatchewan Ltd.,101247866 Saskatchewan Ltd.",1,1800000.0
Automatic Controls (edmonton) Ltd,3,1782356.0
Kongsberg Mesotech,2,1780061.63
Twenty20 Insight Inc,1,1753268.0
Mccrea Equipment Rentals,2,1751895.5
Kbi Construction Inc.,1,1750000.0
Bluewater Lubricants Limited,1,1739310.05
Go Deep International,5,1732373.73
PK Van Bodies,1,1727734.96
Office OF Sponsored Research - Mcgill University,1,1724625.0
The Royal Institution For The Advancement Of Learning/mcgill University,1,1724625.0
Sonovision Canada,2,1724625.0
"Teledyne Instruments, Inc",1,1724437.19
Teledyne Webb Research,1,1724437.19
Qoherent,2,1723988.0
Cube Construction Ltd,2,1722475.27
Rush Truck Centres OF Canada Limited,4,1711776.75
Collins Barrow Edmonton Llp,1,1706460.0
Intelligent Review Technologies Inc,1,1694942.28
Amtech Aeronautical Ltd,2,1694542.5
Airborne Support Group Llc,1,1693997.0
Gfl Environmental Inc,3,1692270.68
G N Johnston Equipment CO Ltd/equipement G N Johnston Ltd,1,1688556.19
"Techno-sciences Canada, Ltd",1,1683041.77
Robertson Martin Architects Inc,1,1679739.92
Flight Safety International,2,1676600.02
"St-gelais Montminy & Associis Architectes, Sencrl",1,1674301.0
Bpa,1,1659380.24
Csf Inc,1,1655433.05
Wasauksing First Nation,2,1652143.77
Inter-projet,1,1651229.23
HF Sinclair,1,1644686.69
Isomass Scientific Inc,2,1642406.71
Allen Maintenance Ltd,1,1634691.03
Brandt Tractor Ltd,3,1633811.0
Kmstandards Llc,1,1627223.57
Royal Environmental Inc,2,1622275.01
Mes Simulation & Training Corp,1,1621291.0
Avestec Technologies Inc.,1,1615223.9
Mallen Gowing Berzins Architecture,3,1613750.44
Peerless Garments LP,1,1608927.6
Iron Maple Constructors Incorporated,2,1607535.74
Mercury Marine Ltd,1,1600000.0
Kepler Communicatons,3,1599379.76
Equinix Canada Ltd,1,1591789.0
C&l Construction Ottawa Limited,1,1591020.56
Felix Technology Inc,8,1582333.01
Quidelortho Canada Corporation,2,1579821.12
Vast Tsi,1,1575000.0
Ferus Inc,1,1575000.0
Colectica,1,1570452.38
Honeywell Limited/honeywell Limitée,4,1553818.3
Airboss Defense Group,2,1545325.11
Niq Canada,4,1545301.14
Les Entreprises Francois Villeneuve,1,1544171.74
Ryans Electrical & Security Services Ltd,1,1539000.0
Specialty Building Services Inc,1,1537966.49
Jones Group Ltd,1,1525500.0
Pivotech Doors Inc,4,1523635.7
Tulmar Safety Systems Inc,1,1500000.0
Royal Canadian Mint,1,1500000.0
Lotek Wireless Inc,1,1500000.0
Arrow Property Service,1,1499419.95
Wearwell Garments Ltd.,2,1492754.29
Drapeaux ET Bannieres Letendard Inc,1,1488984.05
Hexagon,4,1487857.16
Chubb Fire & Security,3,1485969.25
Wajax Power Systems / Wajax Systemes DE Puissance,3,1482710.0
Lemay.ai,1,1478941.77
Great Slave Helicopters Ltd,2,1470999.0
Wear Well Garments,1,1465930.92
Thermofisher,1,1464067.52
Algonquin Opportunity (no 2) Corporation,1,1462535.0
1312511 Ontario Inc O/a VS Landscape Group,2,1459451.5
Dmti Spatial Inc,4,1454752.03
Acadian Construction (1991) Ltd,1,1451070.0
Opex Corporation,1,1446240.46
Bornea Dynamics,5,1441427.86
Sutron Corporation,1,1430525.48
Ott Hydromet,1,1430525.48
Ecomedes Inc,1,1429490.4
Hyperion Consulting Services Inc,3,1425115.05
"H3d, Inc",1,1423800.0
Dillon Consulting Limited/les Consultants Dillon Limitée,2,1422270.0
American Champion Aircraft Corp,1,1420150.0
Coupland Kraemer Architecture + Interior Design Inc,1,1418751.8
Philip,1,1410884.4
Airport Technologies Inc,2,1410706.8
Imsar Llc,1,1396488.83
Asco Construction Ltd.,1,1394420.0
Easy Aerial Inc,1,1382644.98
Salzmans Carpet And Tile,1,1380000.0
Traduction Trans-it Inc,1,1379700.0
Ieee,2,1378656.3
Airon Hvac And Control Ltd,1,1373015.33
BGIS / BROOKFIELD GLOBAL INTEGRATED SOLUTIONS,1,1373015.33
Heyl Chem.-pharm. Fabrik Gmbh & Co. KG,1,1364982.57
CD Nova Ltd,1,1344483.18
Ghost Risk Management Security Inc.,1,1343616.04
Bloomberg Finance LP,10,1343452.21
Norseman Inc,2,1341947.9
Aspin Kemp & Associates Inc,1,1340068.0
Rauay Trading,1,1336832.0
Thinkrf,1,1334580.66
Queens University AT Kingston,5,1332284.36
Squeaky Clean Ltd,1,1331252.44
Les Autobus E Menard ET Fils Inc,1,1329273.25
F Mckinnon & Sons,1,1326150.0
Sable Aviation,1,1326013.8
Oscps Motion Sensing Inc,1,1322694.5
Cellula Robotics Ltd,1,1322410.3
Lunar Medical Inc.,1,1321798.98
"Cutwater Maritime Educational Services, Inc.",1,1318882.5
Amplexor Canada,2,1313590.0
Miller Environmental Corporation,1,1312768.34
Sirsidynix,3,1306743.1
Pinette Emidecau Industries,1,1299232.02
A.w.leil Cranes & Equipment (1986),2,1289955.0
Voltari Marine Electric Inc.,1,1281675.0
Roys Pontiac Buick Chevrolet Gmc Inc,5,1280107.21
Pitney Bowes Software Canada Inc,1,1278000.0
Smarter Alloys Inc,1,1275603.0
"Oxford Economics Usa, Inc",2,1272689.33
Acuren Group Inc,1,1272175.8
Hitachi High-technologies Canada Inc,2,1270881.67
"Thermo Labsystems, Inc",2,1268702.87
Itb,3,1265155.5
Telus Health Solutions Inc./ Telus Health Virtual Care Inc.,1,1262264.71
Smart Electrical Contractors(2007) Ltd,1,1260000.0
Litiere Royal Inc,1,1258339.75
Indigenoustechai,1,1251906.1
Rockwell Collins,2,1246566.0
Nachurs Alpine Solutions,2,1242022.48
Etuuda Industrial Distribution,1,1237706.2
Nabsa Tech Inc,5,1234686.7
50906 Nfld & Labrador Ltd. O/a Platinum Builders,1,1232271.0
Toronto Star Newspapers Limited,1,1227936.57
Gregory Kerr Limited,1,1220028.0
Felix And Paul Studios,1,1216104.37
Collision Analysis (calgary) Ltd,1,1215900.0
Ubiqus Canada Inc,4,1214711.38
Westpier Marine And Industrial Supply,1,1214313.19
Guy Thibault Chevrolet Buick Gmc Cadillac Ltée,3,1212404.49
Sani Bleu Inc,1,1207237.5
Elcome International Inc,1,1203181.85
Blue Water Group,1,1200000.0
Pitchbook Data,1,1196314.88
Cepheid,1,1196200.83
Forum Research Inc,1,1192195.2
Yard Boys Ltd,1,1190747.67
Telos Corporation,2,1183921.41
Cores Worldwide Inc.,2,1176716.58
Messer,3,1176554.23
Sparkes Subsea Construction,1,1175875.0
Speico Building Services,1,1170240.84
"Illumina Canada, Inc",6,1160516.33
Christie Innomed Inc,1,1160000.0
Spectrum Group,1,1155452.08
"Martin-baker America, Inc",1,1154988.5
Eclipsys Solutions Inc,2,1152465.14
Heddle Marine Service (nl) Inc,3,1151784.73
Dillon Aero Inc,1,1150989.79
Dominion Diving Ltd,1,1150206.0
Invicton Labs,1,1150000.0
Titanium Construction Ltée,1,1149998.85
Adf Diesel,1,1149750.0
Gestion Septem Inc,1,1148255.33
Mlai Analytics Inc.,1,1147427.45
Tuyauterie Expert Inc,1,1147194.11
Progressive Educational Systems Inc.,1,1137531.86
Rdh Building Science Inc,1,1131354.0
Comms Audit Ltd,2,1130521.13
Visionex Enterprises Ltd,1,1130381.04
1933152 Ontario Inc.,2,1130000.0
Sunset Renewable Asset Managagement Inc.,1,1129824.85
Everest Automation Inc,2,1129503.93
Anyon Systems Inc.,1,1128967.68
GT Eagle Construction Group,2,1124691.82
Align Home Health Care,1,1119140.7
Intersystems Corporation,1,1112905.47
Intrepid General Limited,1,1112900.84
Solid Caddgroup Inc.,3,1111380.76
Applied Systems Canada Inc,1,1111290.58
Bmp (1985) Limited,1,1104901.78
"Rona Inc., A Division Of Lowes Canada",1,1102698.8
M P S Welding Inc,1,1102500.0
Latent Forensic Services Inc,1,1101546.6
4spg.com,2,1100882.5
"Queen's University, Housing And Ancillary Services",1,1090630.87
Memorial University Of Newfoundland,2,1088123.37
Dalhousie University,2,1087163.09
Fvb Energy Inc,2,1084194.36
Clearesult Consulting,1,1082087.21
M & R Engineering Ltd,3,1081804.8
Pivin & Drapeau Inc,1,1075016.25
Wan-den Mechanical,1,1073500.0
Spectec,1,1070353.84
Siemens Canada Limited/siemens Canada Limitée,4,1069424.09
Saint Mary's University,2,1067335.29
Advanis,2,1064496.02
Rooftech Systems Ltd,1,1063750.0
Hermont Marine Inc,3,1062871.0
"Consultant Aecom Inc. Aecom Consultant Inc., Aecom Canada Ulc, En Coentreprise",1,1057770.0
Dexterra,3,1054110.3
Welch Llp,1,1053990.0
Quantum Silicon Inc.,1,1052180.43
AG Creations Inc,1,1050000.0
"Cummins Eastern Canada, Cummins Est DU Canada, Cummins Sales And Service, Cummins Ventes ET Service",2,1048462.0
Century Group Inc,1,1048330.5
Briggs Septic Service Inc.,2,1046290.13
Avjet,1,1045067.68
Ipr 360 Inc.,1,1044362.91
Corporation De L'école Polytechnique De Montréal,1,1042000.0
Siemens Canada Ltée,1,1040817.18
Stennick General Contracting Ltd,2,1035000.0
Stern Power Systems Inc.,1,1031803.49
Gal Power Systems,3,1029696.66
CS Communication And Systems,1,1028494.66
Canadian Research Knowledge Network,1,1025923.87
Volkswagen AG,1,1021047.72
Hdt Expeditionary Systems Ltd,1,1020365.18
G.a. Innovation Ltd.,1,1018839.04
Sei Industries Ltd,1,1002296.0
Radiation Solutions Inc,2,1001326.9
Nissan Canada Inc,1,1000000.0
Polestar Canada,1,1000000.0
"Rivian, Llc",1,1000000.0
Hyundai Auto Canada Corp,1,1000000.0
Marinenav,1,1000000.0
Frontier Labs Pty Ltd,1,1000000.0
Kim Constructors Ltd,1,1000000.0
Norwin Roofing Ltd,1,1000000.0
Nokian Tyres Canada Inc / Pneus Nokian Canada Inc,2,1000000.0
Mdi,1,999925.0
Commodores Boats,1,999781.17
Ducks Unlimited Canada,1,999156.0
Pfm Construction,1,998113.92
Groupe Pentagone,1,998053.42
Quorex Construction Services Ltd,1,993713.7
Optave AI Solutions Inc.,1,986332.0
Arctic Petroleum Services Ltd,2,981766.26
Fisher & Paykel Healthcare,1,981122.5
Stanton Group Ltd,1,980000.0
Hotel Sepia,1,968618.39
Cohere Inc.,1,965790.0
Labware,1,963033.99
Canadian Pharmacists Association (cpha)/association Des Pharmaciens DU Canada (aphc),1,961508.22
Mdc,2,959629.68
Closereach,3,958170.36
Mega Technical Holdings,1,957050.0
René Blais Ltée,1,954545.46
Gip Marine Base & Warehousing Ltd.,1,953876.5
Cbi Millwright Services Ltd,1,953696.04
TA Instruments - Waters Llc,2,953442.44
Dhanuscribe Inc.,1,951101.57
University Of Toronto,1,950687.61
Keo Scientific Ltd.,1,950284.8
En-sci,1,941869.69
Big T Trucking Ltd,2,941836.85
Idees-daniel Crepeau,1,941546.25
Visiontec Systems,3,940160.0
Harveys Oil Ltd,1,939321.63
"Banctec (canada), Inc",1,933666.0
Building Knowledge Canada Inc,1,933280.82
Attocube Systems AG,1,930906.51
Wilcox Industries,2,930486.86
953731 Nwt Ltd,1,930000.0
Zeal Motor Inc,1,927260.0
Can-am Platforms & Construction,2,925758.47
Prism Engineering Ltd,1,921375.0
A-tech Roofing Ltd,1,920000.0
Maritime Environmental Services Inc.,1,920000.0
E Holland Contracting Inc,1,920000.0
Sony Biotechnology Inc,1,919158.26
Toronto And Region Conservation Authority,1,915850.0
Maerospace Corporation,1,915300.0
"Bio-response Solutions, Inc.",1,914985.5
Nature Nux,1,914485.92
Twistedoneoffs Contracting Ltd,2,912187.5
TK Elevator,3,911191.75
Woodwards Oil Ltd,2,907581.2
520710 Ont Ltd,1,907442.43
Lexisnexis Canada Inc,2,906737.7
Autobus BR Inc,1,905428.11
Overdrive Inc,1,905000.0
Railstate Services Ltd.,2,901104.71
Maxcraft Avionics Ltd,4,897539.64
Canadian Technical Solutions Inc.,1,896230.13
Technipro Bsl / 9491-3571 Québec Inc.,1,890421.59
Cyril Shokoples,1,890363.25
Carahsoft Canada Inc,2,888633.83
Alstef Canada Inc,1,887078.12
Bassett Petroleum,1,884550.0
Technorem/potvin,1,884015.18
Plantee Bioplastics Inc.,2,876813.86
Canadian Corps OF Commissionaires Newfoundland,1,875770.08
Grand Maison & Fils,1,874695.81
Interactive Audio Visual Inc,2,870364.76
Freebalance Inc,5,870105.57
Daniel Crepeau,1,869786.0
Dominion Divers,1,866736.06
Extermination Regionex Extermination,2,865755.15
Facta Global Inc,1,862312.5
Eh Cho Dene White Bear Joint Venture,1,861689.37
Romor Ocean Solutions,3,860193.57
Coastal Restoration & Masonry Ltd,1,860000.0
Maxxam Analytics,3,859332.75
Hubstream Llc,1,859146.9
Defran Incorporée,1,849185.3
Vaisala Canada Inc,2,844529.5
Vans Mobile Wash,1,842710.39
873076 Ontario Inc O/a Vans Mobile Wash,1,842710.39
Bubble Technology Industries Inc,1,840000.0
Dgbk Architects,2,838470.54
Miller Waste Systems,2,837763.86
Solana Networks Inc,1,835638.51
Canadian Police Knowledge Network (cpkn),2,834426.14
GE Lunar Idxa,1,832583.44
Aymes Medical,1,832583.44
Simon's Entertainment Empire,1,830299.05
Potencia Technologies Inc,1,830230.65
Big Bang Llc,1,829462.01
Clark Cooper Div Magnatrol Valve,1,827500.0
Automated Logic Canada Limited,3,820699.48
Blacks Corners Motorsports,1,820000.0
University Of Waterloo C/o Finance,2,818874.75
Ascenseurs Thyssen Montenay Inc,1,817085.0
Maple Plumbing & Heating Ltd.,1,816952.5
Spartan Industrial Marine,4,816558.01
Benchmark Mineral Intelligence,1,813940.31
Leob Packaging,1,812983.02
Greendale Resources Inc,1,812820.0
Regina Metal Industries Ltd,1,806279.0
E-zee Gas Services,1,805000.0
Echosec Systems Ltd,1,803788.91
Royal Ottawa Health Care Group /services DE Sante Royal Ottawa,1,802300.0
Atlantic Compressed Air Ltd,2,800685.92
Siemens Energy Canada Ltd,1,800000.0
Spectra Power Sports Ltd,1,800000.0
Toyo Tire Canada Inc,1,800000.0
Thermal Energy System Specialists Llc,1,800000.0
"Mediterraneo Senales Maritimas, Sll",2,800000.0
Moffat & CO,1,799266.6
The Project Blue Group Limited,1,797573.45
Equinox Construction Services,1,795344.85
West Coast Cranes,1,792204.0
Thinkon Inc.,1,790087.5
Groupe Bel Cour Inc,1,789752.58
Workdynamics Technologies Inc,4,785418.49
Win-shield Medical Devices Inc.,1,784000.0
Illuminex AI,1,780357.18
Kai,1,779700.0
Shortline Moving,1,778564.0
Groupe D'investissement ET DE Développement Communautaire Mecatina Inc.,1,776081.25
Fisher International,2,775713.03
Brs,1,772680.22
Ultra Electronics Maritime Systems Inc,1,771916.8
Aerocorp Avionic Solutions Inc,1,771259.36
Edwards Vacuum Llc,1,770653.89
Eco Waste Solutions,1,766359.5
Armour Lock And Safe Ltd,2,764735.05
9672354 Canada Inc,1,759784.93
Groupe Abs,1,758835.0
Bruker Axs Inc,3,758201.75
Solutions Superieures,1,756353.46
"Roche Diagnostics, Division Of Hoffmann-la Roche Limited",3,754914.4
Atlantic Ventilation Cleaning Ltd,1,753255.0
Gmak Global Inc.,6,752898.75
Mirems Ltd,1,752580.0
Research Triangle Institute,1,751767.21
Cullen Diesel Power Ltd,2,750729.0
Qillaq Innovations,1,750000.0
Government Of Yukon,1,750000.0
Kepler Communications,1,747337.0
Hatch,1,747150.22
Advantec Manufacturing Usa Inc,2,745737.62
"Denicourt, Arpenteurs-geometres Inc",1,745391.55
Johnson Controls,3,744737.16
Incendia Canada Inc.,2,744050.0
"Beanfield And Enercare Centre, Exhibition Place",1,738919.34
Esquimalt Indian Band Accounting Office,1,735000.0
Songhees First Nation,1,735000.0
Graebeck Construction Ltd,1,734810.71
Ada Support,1,733750.0
Superior Propane,4,730856.72
Daniel Underhill,2,730250.0
Banque Nationale DU Canada,2,730154.0
Canberra CO,3,728987.3
Ernst Hansch Construction Ltd,1,726678.8
Western Materials Handling & Equipment Ltd,2,715225.55
Toromont Cat (québec),2,712367.04
Euromonitor International,1,711959.0
"Groupm, Wpp",1,711900.0
Clarivate Analytics (uk) Ltd,4,708012.86
Thomson Reuters,2,704214.07
Schottel Inc,2,703902.21
Liv North Inc,1,700000.0
Evoke Buildings Engineering Inc,1,699048.0
American Chemical Society,3,694727.68
The Bank OF Nova Scotia,2,693300.0
Cvtcorp,1,692115.01
Advantec Manufacturing Canada Inc,1,690976.11
2961-3403 Québec In.,1,690712.32
"Taylor & Francis Group, Llc",3,690627.6
D.c. Electrical Service & Maintenance Inc.,1,690000.0
Serco Facilities Management Inc,1,689850.0
Bird Infrastructure Ltd.,1,687269.52
Technologies Ki3 Photoniques Inc./ Ki3 Photonics Technologies Inc.,1,686183.15
Westower Communication,1,685416.1
Fisheries And Marine Institute,1,685361.37
6166700 Mb Ltd,1,682500.0
Dixie Cleaners & Laundry Services,1,678000.0
Melanie Randall,1,675598.75
Drake Cleanup Systems,1,669620.85
Graphiscan Montreal Inc,1,665999.4
Ocwa,1,660102.15
Air Borealis,1,659667.6
Modern Niagara Building Services,1,659549.02
Falcon Environmental Inc,1,659277.03
Garcia And Sons Transfer Ltd,1,657825.0
Ecclestone Horse Transport Inc.,1,655875.0
Controls & Equipment,3,655202.0
Opentext,3,654723.18
Premier Continuum Inc,1,654530.74
Pug Pharm Productions Inc,2,651908.26
École Nationale D'aérotechnique,1,651000.0
6415458 Canada Inc,2,650308.6
University Of Manitoba,2,649359.0
Cohesive,2,649278.42
Atlantic Business Interiors,2,647563.18
Honeywell Solution Bâtiment,1,645509.64
Proton Onsite,2,642976.78
Fabron,2,641801.94
Hub City Holdings Limited,1,641250.0
Ernst & Young Electronic Publishing Services Inc,1,640582.01
Mazak Corporation Canada,1,639224.21
Exclaro (14336186 Canada Corp),1,638998.42
Institute For Earth & Space Exploration,1,635105.96
Les Gazons Michel Inc,1,634662.0
Total Power Ltd,2,634065.68
Mark Walker,1,632500.0
Northgate Public Services (canada) Ltd,1,632363.0
Global Furniture Group,3,632218.33
Nikon Canada Inc,1,632197.83
Haver Analytics,3,631045.0
Centre Du Camion Autovan Inc,1,630005.52
City Of Prince George,1,623686.15
North Star Imaging,1,621608.83
National Band And Tag,1,621251.4
Septentrio Inc,2,619509.64
Tacteris Systems Inc,1,619275.0
Teledyne Geospatial,3,618800.74
Air Quality Egg,1,615978.31
Windrock Inc,1,615845.0
Harbourside Engineering Consultants,2,615126.14
J.c.a.r.l Construction Inc,1,611225.48
Global Lodging Management Corporation,2,610973.53
"Union Biometrica, Inc.",1,610652.62
Heli-inter Inc,1,610000.0
Sea,1,609158.73
Asbex Environmental Contractors,1,608250.21
Alliance Tree Care Inc.,1,606669.0
Avo Vehicle Outfitting Inc.,1,603780.73
Cad Microsolutions,3,601031.65
Keystone Supplies CO Canada Ltd,1,600000.0
Nova Enterprises Ltd,1,595706.72
The Davey Tree Expert CO OF Canada Ltd,1,595674.55
HD Maintenance,1,594390.65
Team JP Contracting,2,594380.0
Jean Marc Pasquier,1,592063.5
"Rooney, Irving And Associates Ltd",2,585950.2
Aircom Technologies Inc,1,585222.75
Black Rainbow Consulting Limited,1,584073.0
Sartorius Mechatronics Corporation,2,582927.73
Derko Ltée_48967,1,581936.87
Opti-tech Scientific Inc,1,580340.04
Divex,1,576001.98
Palmer Enterprises Ltd,1,575000.0
Carahsoft Technology Corp,3,570877.57
Superior Power Products Ltds,1,570000.0
The Edge Firm,2,569250.0
G A L Power Systems Ottawa Ltd,2,568915.98
C W Shasky And Associates Ltd,1,565788.16
Aztec Builders Ltd,1,562380.0
"Vwr International, CO",4,559043.33
S&p Global Market Intelligence,4,558766.94
13887715 Canada Inc.,1,557969.09
Spiria Digital Inc.,1,551880.0
1x1 Architecture Inc.,2,550926.6
Towneplace Suites By Marriott Victoria Airport Sidney,1,550779.6
Senstar Corporation,2,550642.0
Wyatt Technology Corporation,1,550496.6
Gendron Lefebvre Arpenteurs-géomètres,1,549810.46
Global Ship Solutions,5,546861.68
Pagui Inc,1,544481.36
TJ Nolan Construction Ltd,1,543324.0
Cossette Voyer,3,543233.88
"The Mathworks, Inc",2,542535.14
Tradewind Scientific Ltd,1,542400.0
GE Healthcare,1,540533.3
Qiagen,4,537589.47
Cru International Ltd,1,537093.14
Twin Paradox Labs Inc.,1,536899.35
Quaze Technologies Inc.,1,536866.79
Mahihkan,1,536750.01
Jdp,1,536750.0
Chase Office Interiors Inc,4,536471.47
Devantec IT And Security Solutions,1,535800.0
Kinburn Farm Supply Ltd,1,535224.5
Pgl Environmental Ltd,1,525000.0
H K K International,1,525000.0
Beecher Bay Band Council,1,525000.0
Tayco Paving Company,1,525000.0
Seven Lakes Oilfield Services,1,525000.0
Kryotek Arctic Innovation Inc,1,523089.0
American Bureau OF Shipping Abs Plaza,2,521510.0
Jennifer Llewellyn,1,521411.0
Ghd Consultants Ltd. Ghd Consultants Ltée,1,520258.49
G&b Fuels Inc,1,518432.7
Chemtrade Logistics Inc.,1,517500.0
Colonial Garage & Distributors Ltd,1,517500.0
Wyvern,1,516672.0
Chubb,2,516009.17
Schooner General Contracting Ltd,1,516000.0
Csi Shielding Inc,1,516000.0
Tiger Electrical Technologies Ltd,1,516000.0
Ats Scientific Inc,4,515247.64
Bhullars Construction Ltd,1,514500.0
Intelcenter,1,511649.11
Deutsches Zentrum Für Luft- Und Raumfahrt E.v. (dlr),1,508150.41
Planview Technologies Inc,1,507125.98
DL Heritage Inc.,1,503161.69
Vwr International CO - DO Not Use,3,501755.48
Skadra,1,500716.13
Ksd Collision Investigation And Analysis,1,500020.0
Esm,1,500000.0
Allied Marine & Industrial,1,500000.0
Bell Mts,1,500000.0
Ship Shape Laundry & Dry Cleaners Ltd,1,497888.62
"Geometrics, Inc",1,496766.69
Pierre Turmel,1,495829.69
Narwhal Plumbing & Heating,1,492108.75
Les Entreprises Prebbel Enterprises Inc,1,492014.71
Ketek Infinity,1,489659.63
City Of Burnaby,1,488366.4
Ezsec,1,486708.75
Wilson Home Building Ctr,1,485900.0
Dnastack Corp.,1,483979.0
Spatial Technologies Partnership Group,1,483000.0
Technitrad,1,482895.0
Graden Instruments Inc.,4,482112.76
Mps Property Services Ltd.,1,480530.24
Zen Innovations AG,1,480000.0
Arcast Inc.,1,478470.93
Jeff's Installation,1,476780.06
Tenaquip Ltd,1,475471.23
Trinity Western University,1,473710.96
Logiq Innovations,1,472636.74
Avant Systems Group Manitoba,2,470581.96
Bio-rad Laboratories (canada) Limted,4,469686.24
The Hospital For Sick Children/department OF Paediatrics,3,468449.93
Lac Seul First Nation,1,466734.07
Rapiscan Systems,1,464147.04
Ipss Inc.,3,463986.07
688262 NB Ltd,2,462875.35
Glasshouse Systems Inc,2,461861.96
Mediaqmi Inc,1,461447.45
Baxtec Mechanical Services,1,460966.55
Nuvis Technologies Inc,1,460694.22
D&l Engineering,2,460000.0
Bowser Technical Inc,1,459900.0
Edifican,1,459900.0
Fast Consulting,1,459900.0
Whissell Land Corp,1,459000.0
"Sgs Saint John Diving, Ulc",1,458945.28
Turcotte (1989) Inc.,1,458696.21
Asbestos Abatement,1,456000.0
Atlantic Ventcare Inc.,1,456000.0
Cimel Electronique,1,455429.51
Leica Microsystems (canada) Inc,2,453307.83
Srp Petroleum A Division OF Srp North Ventures Ltd,1,450882.0
Sayari,1,448967.31
Avilar Technologies Inc,1,447712.65
Power Measurement Technologies Inc,1,447135.35
Eastpoint Engineering Limited,3,444654.88
Hill Times Publishing Inc / Publications Hill Times Inc,2,444444.97
Thermo-calc Software Inc.,1,442463.75
Gosse's Landscaping Ltd,1,442065.75
King's Services,1,441000.0
Sun Heating & Air Conditioning Ltd,1,436017.67
Eaton Industries (canada) Company,1,435533.58
Rentokil Canada Corporation,2,435000.0
Capital Elevator Ltd,1,433629.0
Dss Protection Inc,1,433210.0
Teddington Electronics Ltd,1,432400.0
Mmhmarineinc,1,431250.0
"John Wiley & Sons, Inc",8,431044.45
Tenthline Inc,2,430689.71
Paladin Technologies (usa) Inc.,2,430385.79
Solugaz Inc.,1,429150.73
Battlespace Simulations Inc,1,427757.83
Iss Global Ltd,1,427612.45
Adss,1,427229.25
Cem Benchmarking Inc,1,427140.0
Voyager Space Solutions,1,426832.43
Kroll Llc,1,426500.0
Norac AS,1,424364.18
Hitrac (1974) Inc,1,422551.07
Sansom Equipment Ltd,1,422203.33
Cullen International,2,421871.3
"Gerstel, Inc",1,420630.76
Frontier Power Products,1,420000.0
1106643 B.c. Ltd Dba J Fox Consulting,1,420000.0
Beckman Coulter Canada LP,1,418425.44
DR Das Ltd,1,418272.89
Nimonik Inc.,1,417519.83
Norton Rose Fulbright Canada Llp,1,417500.0
Precision Hydraulics,1,416928.0
Drain Man,3,416668.0
Haul-all Equipment Ltd,1,415544.41
GE Water & Process Technologies Canada,1,415000.0
Saba Software Inc,1,414993.87
Abi/ameublement Bureau Interieur,9,412211.84
Wille Geotechnik,1,409168.0
Acf Associates Inc,1,405273.44
Aee Intec,1,400000.0
"Clean Power Research, L.l.c.",1,400000.0
BD Biosciences,1,399844.62
Crystal Clean Maintenanace Ltd.,1,398732.6
Nordiko Quarantine Systems Pty Ltd,1,397595.9
Grifols Canada Ltd,1,396723.6
Governors Of The University Of Alberta,2,395802.9
Albion Marine Solutions,1,394800.0
Waters Ltd,1,394111.0
Northern Bulk Logistics 1499545 Ontario Inc,1,394080.0
Neegan Burnside Ltd,1,393750.0
Siemens Industry Software Ltd,2,393454.08
3V Mechanical Inc.,1,393449.0
Inland Liferafts And Marine,2,391425.0
Renk Systems Corp,1,391014.38
Cummins Power Generation,1,390089.88
Axolotl Biosciences,1,389338.51
Transperfect Translations Inc,1,388041.0
Hedgerow Software Ltd,1,386660.93
Rel Controls Inc,1,385261.0
Teramara,4,385241.42
Ottawa Security Systems And Communications Ltd,2,384200.0
Siemens Healthcare Limited,2,383091.23
American Vulkan Corporation,1,379937.4
Société Québécoise DE Gestion Collective Des Droits DE Reproduction,1,379280.87
Tradooit Inc.,1,375968.25
Boeing Digital Aviation Solutions,1,375189.01
Malvern Engineering Works (pty) Ltd,2,374478.14
Canadian Payments Association,1,372649.6
Langui System Inc,1,372015.0
13064204 Canada Inc.,1,371110.08
Research Services,2,370685.65
Anton Paar Canada,5,369944.96
Les Excavations Léon Chouinard Et Fils Ltée,1,368318.42
Psp,1,368002.01
Sonic Electrical Ltd,1,368000.0
Qsbr Innovations Inc,1,367920.0
Shoreland Inc,1,367348.87
Emcs Industries Ltd,2,362839.68
Kone,3,362310.65
Bisson Fortin,1,360030.25
Caltech Inc.,1,357000.0
Acled Analysis Incorporated,1,355720.52
Ifly Canada Ulc,1,355046.72
"Cosine Additive, Inc",1,354385.0
Lwt Communications,3,354122.75
Integrity Mechanical Insulation Ltd.,1,354055.5
Canadian Press Enterprises Inc,1,353362.41
Groupe Secur Plus,1,353061.32
Fiready Inc,1,352973.09
Ihs Markit Canada Ltd,3,351759.72
Lloyds Register Canada Ltd,1,351296.34
Universite Laval,2,350500.0
Centrair Systems & Supplies (barrie) Ltd,1,349848.0
"Tecniplast Usa, Inc",2,349695.96
Nautic & Art,1,348175.6
Aero Supplies Inc,1,347588.0
Pmg Technologies,1,344925.0
Garage Leonce Brousseau Inc,1,344925.0
Gitgaat Marine Services LP,1,343239.38
Pacific Geotech Systems Ltd,1,343213.5
Conviron,1,342914.25
Aml Oceanographic Ltd,1,342683.0
Superwake Ltd.,1,341784.14
L'institut De Recherche Du Centre Universitaire De Santé Mcgill The Research Institute Of The Mcgill University Health Centre,2,341631.98
Cairn.info Sas,2,341480.5
Spirit Bear Endeavours Inc,1,341044.59
2760959 Ontario Inc.,1,339000.0
Pollara Strategic Insights Inc.,3,339000.0
Macgregor Pte Ltd,1,338827.11
Macgregors Custom Machining Ltd,1,336866.65
Stittsville Shooting Ranges Inc,1,336401.0
Cervus Defence And Security Limited,1,331510.87
Range And Bearing Corporation,1,328594.73
Scireq Scientific Respiratory Equipment Inc/equipement Respiratoire Scientifique Scireq Inc,1,327522.55
Folio Instruments Inc,1,327514.68
Nilun Aselis Construction,1,327272.7
Trane Technologies,1,326496.0
"Unison Cost Engineering, Llc",2,325735.52
Trane Canada Ulc,2,324473.91
"Unisource Canada, Inc",1,323239.52
"Alere San Diego, Inc. Dba Immunalysis Corp",1,322201.23
Dls Technology Corporation,1,321994.89
Miltenyi Biotec,3,320738.74
Lewis-joseph Consulting Inc.,2,320137.12
Ipolitics,1,319629.81
Ottawa Hospital Research Institute/ Institut DE Recherche DE L'hopital D'ottawa,1,318290.0
"Fisher Scientific Company, Thermo Fisher",3,317626.49
9408-5867 Quebec Inc,1,317514.96
Steris Canada Inc,2,315431.1
Csi,1,315262.36
Calm Shore Ventures Inc.,1,315000.0
Mintel Group Ltd.,1,314626.95
M&a IT Tech Inc.,2,314400.8
Norbit Subsea,1,314317.55
Hypack Inc,2,313845.2
Rd2 Inc.,1,311880.0
G. L. Stone Consulting Ltd.,1,311604.11
Gip Technical Solutions,3,311041.8
The Armstrong Monitoring Corporation,1,310668.3
Rightway Sanitation Services,1,310000.0
Super Save Group Of Companies,1,310000.0
"Lucidworks, Inc",1,308933.21
"Panalytical - A Division Of Spectris Canada, Inc.",1,308534.24
Cogeco Inc.,1,307493.2
Veseys Seeds Ltd.,1,307303.75
Chubb Edwards A Utc Fire & Security Company,2,306817.67
DR Brenton Ltd,1,306666.66
Rogers,1,306340.0
Vancouver Airport Authority,2,305623.0
Av-tech Inc,2,305259.12
Daikin Applied Canada Inc,1,304640.63
Kenstruct Ltd,1,304455.9
Insource Corp,1,302178.95
Unitours,1,301809.36
Browserstack Inc.,1,300834.81
"Relx, Icis, Cirium, Brightmine",1,300834.18
Livecast,1,300000.0
Columbia Environmental Consulting Ltd,1,300000.0
Front Line Diving Ltd,1,300000.0
William Scully Ltd,1,299966.97
Gateway Mechanical Services,1,299250.0
Phoenix Spi,2,295518.51
Eesea Aps,1,295000.0
"Intento, Inc.",1,294711.53
Dbc Marine Safety Systems Ltd,1,294177.39
Terminix Canada Ltd Dba Environmental Pest Control,1,293800.0
Atlantic Geomatics Ltd,1,293531.2
"Ankoreng Inc., Ankor Engineering Systems Ltd., Ankor Engineering Systems Inc., Ankor Design Corporation, Ankor Inspection & Engineering Services, Telco",1,292438.0
JA Larue Inc,1,291976.71
Brash Product Development Inc.,1,291874.9
Regulvar Canada Inc,3,290858.7
Mingus Software Inc,2,290133.34
Mtt Manufacturier Inc./mtt Manufacturing Inc.,1,290024.44
L'étendard Drapeaux Et Bannières,1,289583.7
Stephen David Bell,1,289225.0
Magnestar Inc.,1,287500.0
Photon-iv,1,287500.0
Univ OF Victoria /office OF Rsch Svcs Admin Svcs Bldg,1,287500.0
Recursive Matter Inc.,1,287500.0
Qinetiq Ltd,1,287493.85
Community-based Research Centre Society,1,287437.5
Nordspace Corporation,1,287432.38
Aas,1,287270.0
Navigaid Inc,1,287270.0
Cansel Survey Equipment Inc,3,286597.18
New Earth Solutions Inc.,1,284522.98
Traductions Soul,1,283988.25
Metadata Solutions Abc Inc.,1,283930.77
Nova Biomedical Canada Ltd,1,283743.0
A B Mechanical Limited,1,283632.0
"Hopewell Designs, Inc",1,283585.75
Bvda International BV,1,283562.13
Actfl,1,282391.61
The Logic,1,282156.48
Keyence Canada Inc,1,281739.91
Purespirit Solutions Inc.,1,281144.0
"Exail, Inc.",1,280685.56
Schlumberger Canada Ltd,1,279343.72
Vard Electro AS,1,279050.0
Wolters Kluwer Ltd / Wolters Kluwer Limitee,1,277664.63
J&a Media Services,4,276395.16
Lexum,2,276098.65
Ecolighten Energy Solutions,1,275940.0
Champion Furnace Cleaning Ltd,1,275625.0
Diligence Epi Corp.,1,275485.15
Acentury Inc.,1,275425.0
Beyond 2020 Inc,1,275192.66
Wesco Distribution,1,275067.45
Shi Canada Ulc,4,274647.13
L Hill & Associates,1,274600.26
Algonquin College Corporate Training Centre,1,274580.9
Tetra Tech QI Inc,1,272973.88
Loyalist College Of Applied Arts & Technology,1,272558.55
Shinydocs Corporation,1,271973.36
Deere Creek Engines,1,271200.0
Safetech Environmental Ltd.,1,271200.0
"Easyvista, Inc.",1,270679.36
American Phytopathological Society,1,270638.48
Praxair Canada,1,270000.0
Proquest,1,267915.55
Jordair Compressors Inc,1,267184.89
Chemical Abstracts Service,2,267012.61
Synergie Médicale Brg Inc,1,266910.02
Grand & Toy Ltd,2,265566.64
"Metasystems Group, Inc",1,262698.25
Houle Electric Ltd,1,262452.79
Exact Legal Translations Inc. Traductions Juridiques Exact Inc,1,262143.0
Space Codesign Systems,1,261912.0
Children's Hospital Of Winnipeg - Infection Control,3,261898.69
KK Tech & Traders,1,261534.0
Coentreprise Groupe Abs / Technorem,1,260797.33
Posterity Group Consulting Inc,1,259900.0
Tallman Technologies Inc.,1,259263.81
Arfa Lab Solutions Ltd.,1,258603.3
"Nanosurf, Inc",1,257820.8
Alliance Scientific Inc.,1,257430.1
Fdf Group,1,256949.7
Hamisco Industrial Sales,1,256837.7
Baulne Inc.,1,255430.76
W2a,1,254368.5
Vohl Inc,1,253920.0
Delta Scientific Laboratory,1,253396.85
Ultra Alarm Services,1,251045.0
Salt & Pepper Catering,1,250362.52
Innent,1,250000.0
Trade Show Direct Ltd.,1,250000.0
Ehs Partnerships Ltd/,2,250000.0
Novel Electronics Inc,1,248875.88
University Of Iowa,1,247251.0
Falcon Security CO,1,246724.0
Global Solution Srl,1,246163.25
Manulift Emi Ltd,1,245473.23
Drive Products,1,243793.7
Gentronix Limited,1,243733.41
Comscore Canada Inc.,1,242950.0
Secureone International BV,1,242550.15
Micro Focus Software Solutions Canada,1,242301.07
Texplained,1,240462.0
Hi-vis City,1,240000.0
Planenergi,1,240000.0
Solrico,1,240000.0
"Horiba Instruments, Inc.",3,239874.81
Solutions Prox Secur Inc.,1,239617.11
Madsen Power Systems (industrial) Inc.,1,238690.2
Milltown Metal Shop Ltd,1,238688.1
Micro-g Lacoste,2,238328.26
Eryn Consultants Inc,1,238148.0
International Air Transport Association,1,236094.59
Cno,1,234844.37
Pmi Industries,1,234255.0
Cima,2,233774.4
"Les Traducteurs Reunis, Scc",1,232824.38
Chu DE Quebec - Universite Laval,1,231720.36
Siteimprove,1,231099.76
Canadian Helicopters Limited/helicopteres Canadiens Limitee.,1,230000.0
Sheas Bulldozing Ltd,1,229712.5
Atlas-apex Roofing Inc.,1,229000.0
Charest Legal Solutions Inc.,1,228707.28
"Dillon Consulting Ltd/les Consultants Dillon Limitee, Kontzamanis Graumann Smith Macmillan Inc, IN Joint Venture",1,227948.39
Desmi Canada Inc.,2,227543.8
Sigma Eight Inc,1,227411.56
Agat Laboratories,1,226960.5
Sarl Leblanc Vénacque,1,226688.3
Opal-rt Technologies Inc.,1,226541.07
Agilitypr Solutions Canada Ltd.,1,226000.0
Multishred Inc,2,225866.46
Clermark Inc,1,225376.2
Baltic Windtunnel Gmbh,1,225280.0
Inspect-contrôle Inc.,1,225000.32
"Earthsoft, Inc",1,224929.43
Sjc,1,224570.0
Joanne Vavaroutsos,1,224201.25
Avalon Marine Ltd,1,224153.4
Leapfrog Energy Technologies Inc,1,223929.91
"Purpleair, Inc.",1,223898.58
Goodspeeds Manufacturing Ltd,1,222214.5
Oxford Nanopore Technologies Canada Limited,4,222099.6
D-mark Biosciences,2,220847.1
Anthony Macauley Associates,1,220076.47
Kisters North America,2,219668.2
Solucore Atlantic Inc.,2,218387.3
"Streaming Networks, Inc.",1,217480.0
Metadata Technology North America,1,216287.04
Brymark Promotions,3,216061.65
Gaévan Carrosserie Inc.,1,215578.13
Outcrop Communications Ltd.,1,215250.0
Sutherland Excavating Ltd,1,214245.0
Dynamic Project Management Inc.,1,214092.0
Lafleur DE LA Capitale Inc,2,213876.85
Capital Office Interiors Ltd,2,212027.41
Superior Truck Equipment Inc.,1,210688.83
Bender Canada Inc,1,210685.0
Dwayne Robertson,1,210000.0
Reidco Anchor Utility Services,2,210000.0
Shaw Communications Inc,1,209872.35
Centre Agricole Coaticook Inc,1,208047.26
Meridian Reservation Systems Ltd.,1,207900.0
Hunter Expositions,1,207431.84
Garage Jean Morin & Fils,1,206955.0
Versatil Bpi,1,205719.65
Mat's General Mechanic,1,205012.08
Cancard Inc,1,204338.16
William S Hein CO Inc,2,204066.0
"Makino Canada, Ulc",1,204015.85
Morelli Mobilier Urbain,1,203839.18
Mission Bio Inc.,1,203437.35
Agence Gravel Inc,1,202722.0
Advanced Navigation,2,201987.06
Life Technologies Inc,1,201669.03
Industrie-l,1,200795.25
Flex Tech Services,1,200056.5
Sean Macalister,1,200056.5
International Flood Control,1,200000.0
Creatium Inc,1,200000.0
"Garrison Systems, Llc.",1,200000.0
Kahnawake Native Renewable Centre,1,200000.0
Yokohama Tire (canada) Inc,1,200000.0
Cusip Global Services,1,199515.99
Viking Instrument & Control Ltd,2,199474.25
9111-0767 Quebec Inc Thermo-energie,1,198906.76
Infovista,1,198090.24
Jlr,1,197517.86
Genrep Ltd/ltd,1,197128.0
Sciwise Solutions Inc,1,195642.55
2298679 Ontario Inc.,1,194925.0
Standard Biotools,1,194091.21
A F Theriault & Son Ltd,1,193698.64
H&k Communications,1,192000.0
Services Aeropur,1,191778.3
Nation Micmac De Gespeg,1,191714.09
Horizon AG & Turf Ltd.,1,191083.03
Canadian Hearing Services,2,189708.75
Fit Right Alterations,1,188640.0
Springer Customer Service Center,1,188423.18
Leica,2,187572.85
Gage Products Company,1,187302.01
"Li-cor Biotech., Llc",1,185912.35
"Northern Micro, A Pellera Technologies Company",1,185017.77
American Medical Assoc,1,184714.56
Parsons,1,184667.0
"Dnastar, Inc.",2,184191.18
Annual Reviews,2,184017.66
Isep,1,183960.0
Neothermal Energy Storage Inc.,1,183960.0
Bae Systems,1,183441.0
Volta Research Inc,1,182849.86
Causeway Pipework Inc Dba Lokring Eastern Canada,1,181738.9
Computer Modelling Group Ltd.,1,181726.65
Kristian Electric Ltd,1,181125.0
Ristech Company Inc,1,180694.5
"Altair Engineering Canada, Ltd",2,180375.06
Testworx Inc,1,180304.82
1110367 AB Ltd,1,180000.0
Fountain Tire Ltd,1,180000.0
Skills Canada,1,180000.0
Total Synthesis Ltd,1,179999.96
Nunavut Moving &services,2,179172.0
Grenier Chevrolet,1,178290.58
3180751 Canada Inc. (dracon Automatisation Et Robotique),1,178076.12
GE Energy Power Conversion Canada Inc,1,177630.0
"Horiba Canada, Inc",1,177318.75
"Bishop's University, Accommodation And Event Services",1,176422.81
Ginu,3,176396.2
American Society For Microbiology,1,176388.36
Fine Interiorscape,1,176100.31
John G Cooke & Associates Ltd,1,175978.86
Image Systems Trackeye Inc.,1,174756.88
Ortona Management Limited,1,172683.0
"Fresenius Medical Care Canada, Inc",1,172462.0
"Ennis-flint, Inc.",1,172270.0
Php Canada,1,171654.57
Property Management Mates,1,171510.0
Summit Mechanical,1,171031.45
Electro-meters Company Ltd,1,170704.53
Vidcruiter Inc,1,170121.5
Vicinia,1,169387.0
Tyco Integrated Fire & Security,1,169086.86
Keystone Supplies International Ltd,2,168726.34
Orbit Logic Incorporated,1,168640.44
Hamilton,1,168571.32
Kongsberg Geospatial Ltd,1,168244.76
"Four JS Development Tools, Inc",1,167644.15
Camp Massawippi,1,166506.8
Rbr Ltd,3,166444.95
Tsi Inc,1,165228.0
Arctiq,1,164041.27
"Rane Network, Inc.",1,162798.19
Govtech Holding Corporation,1,162720.0
N. Harris Computer Corporation - I2 Group,1,162643.83
Vertigis,1,162584.4
Micbeth Holdings Inc.,1,162500.0
West Technology Forensics Inc.,1,161822.82
Nua Office Inc,4,161666.58
Lebel 4 Seasons Services Inc Dba:lebel 4 Seasons Services Inc,1,161575.1
Eiu,1,161520.68
"Sysmex Canada, Inc",1,161441.99
Boivin & Gauvin Inc,1,160712.5
Convergint Technologies,1,158321.77
Yamnuska Mountain Adventures,1,158051.25
Savcor Consulting Inc.,3,157392.75
Infragistics Inc,1,157355.41
Quorus Consulting Group Inc,2,156731.0
Cellink Llc,1,155824.67
Napa,1,155780.0
Optim Llc,1,155065.89
Sas Institute (canada) Inc. Institut Sas (canada) Inc.,1,152600.89
None,1,151885.91
Geoscienceworld,1,151355.07
Nortekusa,1,151232.0
Mesemar,1,150900.0
Jetvac Inc,1,150722.42
16897070 Canada Inc.,1,150000.0
JL Richards & Associates Ltd,1,149223.63
Elliott-matsuura Canada Inc,1,149160.0
Genevieve Bujold,1,148317.75
Cascade Capital Machine Sales Inc,1,148060.5
Real Time Networks Fka Key Tracer Systems,1,147638.57
Dassault Systemes Canada Inc,1,147574.8
Westlab Canada,1,147168.0
Src,1,146361.22
Linensense Inc,1,145316.91
University Of Calgary,1,144900.0
Berry Architecture + Associates Ltd.,1,144679.5
9111-0767 Inc,1,144492.53
Sew Near You,1,144375.0
Serco Canada Marine,1,144245.0
Netron Inc,1,144054.05
Sepro Corporation,1,143848.91
Kst,1,143766.0
Nathalie Gilbert,1,143718.75
Perkinelmer Scientific Canada Ulc,2,143692.4
Alberta Health Services - Cyp-c Ach,1,143255.58
Commercial Building Cleaning,1,142800.0
5550 Nunavut Ltd,1,142732.8
Mediamiser Ltd,1,142515.6
Linda Sawyer,1,142281.56
LM 1947 Inc.,1,142053.92
Wyssen Canada Inc,1,140987.48
Mfe Inspection Solutions - Canada,2,140346.0
Pci Geomatics,1,140120.0
Abtech Services Polytechniques Inc,1,139974.08
"Penlink Canada, Inc.",3,139465.39
United Structures Inc.,1,139437.5
Ahearn & Soper Inc,1,139377.56
Subc Control Ltd,2,139042.0
Oxford Analytica Inc,1,138897.0
"Power Test, Inc",1,138851.12
1000389644 Ontario Inc,1,137970.0
Versacom,1,137970.0
Sustainability Solutions Group Workers Cooperative,1,137970.0
Highway Three Solutions Ltd.,1,137820.61
Dbrs Ltd,1,137295.1
Mcgraw Hill Llc,2,137220.85
Schmid And Partner Engineering AG,1,137182.79
Core Cryolab,2,137001.2
"Curis System, Llc",1,136512.3
Mobile,1,136500.0
"Intelligence Press, Inc",1,136404.81
Olympic Dust Control,1,136087.6
Cheo,2,135442.99
Pei Winter Solutions,1,135226.2
Contract Promotions,2,135034.19
9088-5625 Quebec Inc.,1,134775.99
Globaldata Publications Inc,1,134389.05
North Arm Transportation Ltd,1,134347.13
Government OF Northwest Territories,1,133485.84
Coles Associates Ltd,1,133400.0
"Maya Heat Transfer Technologies Ltd,",1,132956.29
Quartermaster Marine,1,132500.7
Provincial Health Services Authority,1,132455.16
"Therapeutic Research Center, Llc",1,132343.46
Sciglob,1,132097.0
Troy Life & Fire Safety Ltd,2,131683.57
Titian Software,1,131375.74
American Psychological Association,2,130741.49
The New Oak Tree,1,130741.0
Blindside Networks,1,130492.4
Safran Electrical Components Canada Inc,1,130415.24
Aldebaran Threat Consultants Llc,1,129455.47
Mil-aero Electronics Atlantic Inc,3,129212.0
Cae (fab) Ltd.,1,129139.32
Atmosphare Inc,1,129119.16
JR Marine Manufacturing Ltd,1,128356.95
Mid-canada Mod Center,1,128025.9
"Measurement Technology Laboratories, Llc",1,127525.67
Juliah Njuguna,2,127501.63
Ainger Group,1,126880.0
Geospectrum Technologies Inc,1,125973.09
Coencorp,1,125888.0
Hazmasters Inc,1,125597.25
Necando Solutions,1,125101.52
Everguard Incendie Et Sécurité,1,125000.0
Picarro Inc,1,124988.96
Ifs North America,1,124622.06
Mandel Scientific Company Inc/la Compagnie Scientifique Mandel Inc,1,123707.43
Jordan Goldman,1,123598.13
Optimum Naoe Solutions Inc.,4,123597.1
Bio-rad Laboratories (canada) Ltd,1,122711.66
Altia-abm Inc.,1,121988.48
Vins Plastics Ltd,1,121564.04
Mobile Police Training Structures Inc.,1,121353.0
Geologic,1,121269.96
Les Moteurs Électriques Gosselin Inc.,1,120951.4
Hickey & Lynk Burner Service Ltd,1,120627.04
"Francois Clauzade, Cindy E Gibson",1,120293.25
Frontline Communications,1,119848.66
Hifyre,1,119328.0
12407264 Canada Inc.,2,118957.0
Gellair,2,118953.0
Poralu Marine,1,118948.29
London Health Sciences Centre Research Inc,2,118815.31
Bell Textron Canada Limitée,1,118239.52
Digital Vertex Llc,1,118198.45
Paul S. Leskew & Associates Inc.,1,115943.0
Geological Society Publishing House,1,115930.51
D.f. Barnes Services Limited,1,115161.35
Linda Pogor,1,114975.0
Graphstats Technologies Private Ltd,1,114880.19
Bmj Publishing Group Ltd,1,114716.51
3089467 Nova Scotia Ltd,1,114000.0
Tiba Biotech Llc,1,113997.96
Hexagon Manufacturing Intelligence,1,113841.79
Convergent Information Systems Inc,1,113825.25
Advanced Business Software And Solutions Limited,1,113681.77
Mnp Digital Inc.,1,113480.33
Malvern Panalytical Inc,1,113434.62
Stephanie Boone,1,113000.0
Fundsoft Information Systems,1,112914.92
Jgf Installations Inc.,1,112900.0
Bmi 2000,1,112761.73
Roxane Poulin Consulting,1,112192.5
Articulate,1,112100.94
Terminotix Inc,3,112041.98
"Nedco, Div OF Rexel Canada Electrical Inc",1,111961.71
Intelligent Software Solutions,1,110760.21
5950 Nwt Ltd,1,110727.75
Build A Dream To Empower Women,1,110670.0
Okiok Data Ltée / Okiok Data Ltd,1,110663.44
Centre Hospitalier Universitaire Sainte-justine,1,110458.2
Olympic Drives & Equipment Ltd.,2,110435.5
Interior Health Authority,2,109535.53
1663587 Ontario Inc. O/a Arc & Spark Electric,1,109497.0
Lucid Motors Canada Ulc,1,108971.78
Approvisionnement Rad Global Inc.,2,108238.24
Revvity Signals,1,107682.01
"Cobra Energy Services Us, Llc",1,106875.13
Mcroberts,1,106333.0
Ees Inspections,1,105444.0
Mil-sim-fx International Inc,1,105099.0
"David Place, Dale Place",1,105000.0
J&m Industries Ltd,1,105000.0
Pitney Bowes OF Canada Ltd./pitney Bowes DU Canada Ltee.,2,104823.36
Peace Operations Training Institute,1,104750.25
Anet Solutions Inc,1,104453.81
Mte Instruments,1,104200.69
Regulvar Inc,1,104100.12
Lurette Et Fils,1,103845.0
Robinson Septic And Waste Inc.,1,103707.0
Capital Propane Inc,1,103477.5
Ihs Energy Canada Ltd,1,103360.0
Alternative Wildlife Solutions Ltd.,1,102900.0
Jean Jacques Bernier,1,102615.0
Distributions Solida Inc,1,102349.09
Stfrancis Xavier University,1,102072.91
Advanced Chemistry Development Inc,1,101971.0
"Imotions, Inc.",1,101466.87
Pillar Tapes Ltd,1,101428.0
Ag Business & Crop Inc,2,100988.9
Les Entreprises Romain Boudreau,1,100722.87
Blended Perspectives Inc,1,100476.65
Utc Fire & Security Canada Inc,1,100363.0
Antiflamme Purafiltre,1,100297.15
Nebs Business Products Ltd,1,100000.0
Dynamic Industrial Solutions,1,100000.0
Wincollect Pty Ltd,1,99959.26
Procanplus,2,99668.38
C3sa Cyber Security Audit Corp,1,99609.5
Altium Holdings Canada Inc.,1,99355.85
Groupe Dissan,1,99277.07
Bionomous SA,1,98943.85
Westway Machinery Ltd,1,98469.0
Detekta Solutions,1,98246.0
Globe Awards And Promotions,1,97970.35
Biokinetics And Associates Ltd,1,97799.24
Forte Fitness Ltd.,1,97651.58
Biolog,1,97177.31
Peak Scientific,1,96654.88
"Hexatronic Rochester Cable, Inc.",1,96110.24
Dampa Aps,1,95098.55
Clayton Sales And Service Ltd,1,94871.76
"Radioworld, Inc",1,94649.0
M5 Marketing Communications,1,94072.5
Unity Health Toronto,2,93692.3
Proterra Equipment Rentals Inc,1,93120.55
Foster's Agri World,1,92400.0
Trotec Laser Canada Inc,1,92400.0
Maatrx Inc,1,92208.0
Dolomite Networks Corporation,1,92197.07
Abbott Medical Canada Co,1,92180.88
Buildability Corporation,1,91980.0
Nlogic,1,91532.37
DE Marque Inc,1,91478.96
Dragage Océan DS Inc,1,90481.02
Intelisys Aviation Systems (2013) Inc,1,90400.0
Hcl Canada Inc,1,90297.69
Knudsen Engineering Ltd,1,90102.0
Drinkwater Environmental Services Ltd,1,90000.0
Asbury Wilkinson Inc,1,89929.77
Mmp Office Interiors Incorporated,2,89728.56
Gestion Parasitaire Du Québec,1,89577.02
"CH Technologies, Usa, Inc",1,89568.16
Motive.io,1,89533.5
Grand Camera Ltd,1,89186.67
Les Industries Rouillard Inc,1,89183.7
Strapco Inc.,1,88462.5
Aviation BL Inc,1,88220.32
Squires HD,1,88052.15
Pro-oceanus Systems Inc,1,87773.7
Bioone,1,87720.8
Mcgill University Health Centre,1,86802.92
Fraser Health Authority,1,86793.57
Goodfellow Inc,1,86538.38
Clear Blue Llc,1,86480.23
Csiro,1,86431.19
Incite Experiential Design Inc O/a Rmus Canada Inc,1,85579.99
Container & Trailer Services Ltd,1,85413.82
2417-0821 Québec Inc.,1,85152.72
Skyblue Services Corporation,1,84219.19
Fusa,1,83124.0
Fair Isaac And Company Inc,1,83056.79
"Minodahmun Development Limited Partnership, Englobe Corp., Novatox Inc., In Joint Venture",1,82953.13
Chandler,1,82889.34
Attain Insight,1,82114.9
Struers Ltd,1,82113.94
Kynetec Canada Inc,1,81982.58
Universeal Production Canada Inc,1,81731.2
Riel Equipment Ltd,1,81699.0
Phoenix Analysis & Design Technologies,1,81406.35
R. Grant Churcher,1,81360.0
The North West Company,1,81178.67
Sensors Inc,1,80559.2
A.t.s. Container Services Inc.,1,80230.0
Mccanngroup,1,79652.84
Super Channel International Corp,1,79067.16
Applied Acoustic Engineering Ltd,1,78845.55
Axtion Independence Mobility Inc.,1,78837.1
Integrated Dna Technologies,1,78682.82
商船三井テクノトレード株式会社,1,77990.24
Open Text,1,77938.48
"Endeavor Business Media, Llc",1,77720.12
Hvh Industrial Solutions Llc,1,77425.31
Tst Solutions L.p. / Tst Solutions S.e.c.,1,76977.99
Abi/advanced Business Interiors Inc,2,76242.0
American Institute OF Aeronautics And Astronautics,1,76200.2
The Global Group,1,75996.0
Inmedia Technologies Inc.,1,75750.47
Bridgeathletic Inc.,1,75130.88
Van Press,1,75000.0
Chromatographic Specialties Inc,1,74867.7
Joget Inc,1,74844.54
I W K Health Centre,1,74566.04
Nkt Photonics Inc.,1,74281.8
"Li-cor, Inc",1,74158.58
"Sage Publications, Inc",1,74037.21
BMO CM,1,73800.0
Royal Society OF Chemistry,1,73634.19
Tobermory Press Inc,1,73450.0
Eastlink,1,73162.43
Politico Pro,1,72976.19
"Digitalis Education Solutions, Inc.",1,72794.5
Sage Software,1,71853.65
Adamas Intelligence,1,71461.2
V G L Group Ltd,1,71133.59
Comtree Inc,1,70680.75
Quality Positioning Services Inc Qps Inc,1,70625.37
9430-9796 Québec Inc.,1,70377.76
The Compliance Center Icc Inc,1,70364.98
"Anaconda, Inc.",1,69929.04
Henry Schein Canada Inc,1,68979.25
Universal Cover Corp/,1,68743.5
Abacus Data Inc.,1,67800.0
Accara Inc.,1,67743.27
Granicus Canada Holdings Ulc,1,67373.79
Groupe Somr Inc.,1,67231.63
Tecan US,2,67200.94
Getinge Canada Ltd,1,66444.0
Adacore Technologies Inc,1,66421.09
Canada West Avionics Ltd,1,66325.35
"Prairie Ocean Technologies, Inc",1,66145.95
Crash Data Group Inc.,1,65412.9
Aip Publishing Llc,1,65403.6
"Quspin, Inc.",1,64986.83
Cartenav Solutions Inc.,1,64960.88
Ultraflex Power Technologies Corp,1,64909.19
Hamilton Health Sciences,1,64893.04
Hearsafe Canada Inc,1,64025.5
Sitesecure Software Inc.,1,63926.1
J&s Performance And Distribution Ltd.,1,63800.0
Fournisseur Maktoum Inc.,1,63575.04
Icg,1,63540.25
QA Consultants,1,63505.23
Icao,1,63489.24
Jennifer Hudson,1,62500.0
Mikkelsen-coward And CO Ltd,1,62226.15
Hubbard's Services Inc,1,61738.74
"Lumen , Division Of Sonepar Canada Inc.",1,61312.72
Best Buy Business (best Buy Canada Ltd.),1,60842.71
Ergocentric Seating Systems,3,60531.12
Sunny Shutter Inc.,1,60016.24
7476800 Manitoba Ltd.,1,60000.0
Maestro,1,59997.35
Fsi,1,59955.0
Accurate,1,59900.0
Volatus Unmanned Services,1,59751.7
Inkas Safe Manufacturing Ltd.,1,59438.0
American Physical Society,1,59234.82
Emar Services Inc,1,58765.0
Schindler Elevator Corporation,1,58515.0
Cadre Research Labs (illinois) Llc,1,57530.24
9062-9288 Québec Inc.,1,57401.26
Camp Sable Chaud,1,57014.34
Mindray Canada,1,56831.0
Cintas Canada,1,56500.0
Andian Technologies Ltd,1,56500.0
Fisher Scientific (laboratory Equipment),1,56497.74
Nash Technology Services,1,56203.15
Inservus Management Systems,1,56000.0
Janeway Childrens Research,1,55934.64
The Financial Times Ltd,1,55711.27
Maritime Purchasing Inc.,1,55554.48
Canadian Linen,1,55000.0
"Mvg, Inc",1,53598.8
Lgm Solution,1,53462.2
Central Health,1,53282.76
"Nv5 Geospatial Solutions, Inc.",1,53100.0
Amerlab Scientific Llc,1,53054.3
Association For Computing Machinery,1,52657.12
G Doyon Cuisine Inc,1,52568.87
Eastwood Products Ltd.,1,52511.1
Les Services Euroconsult Amerique DU Nord Inc / Euroconsult North America Services Inc,1,52395.85
Quaedvlieg Contracting Ltd.,1,52369.64
Nova Scotia Health Authority,1,51763.27
Reprap Warehouse,1,51446.85
The Spaniel's Tale Bookstore Inc.,1,50931.03
The Door Company,1,50432.0
Argus Media,1,50003.43
Summit Motors Ltd,1,50000.0
Konus Kessel Gmbh,1,49967.73
Agnovi Corporation,1,49955.49
Caseware International Inc.,1,49801.42
Micronostyx,1,49657.0
"Sitecore Canada, Ltd",1,49546.29
"Foss North America, Inc",1,49475.28
Radisson Resort At The Port,1,49459.77
Ojigkwanong Office Interiors,1,49402.46
Itc Systems,1,49253.31
Luau Data Corporation,1,49240.88
Scintica Instrumentation Inc,1,49224.21
Health Sciences North,1,48946.78
Thermtest Inc,1,48837.47
Ottawa Hospital Research Institute,1,48755.1
American Society OF Agricultural And Biological Engineers,1,48225.54
Gcproc,1,48003.21
Nation Ramps Ltd,1,47932.5
Twigg Musique,1,47826.15
9367-2590 Québec Inc. (polymar),1,47708.88
Bvc-groupe Cyberjustice Inc.,1,47691.63
ND Graphics,1,47417.23
Russel Metals,1,47151.58
Durham Combustion Ltd,1,47132.0
Kanopy Inc,1,46909.62
Gunnebo Canada Inc.,1,46588.95
"Luminate Data, Llc",1,46205.06
"Multicase, Inc.",1,45990.0
Champion Industrial Equipment,1,45794.9
Mkw Commercial Vehicles Inc.,1,45642.96
Martec Linited,1,45587.59
Easily Moved Equipment Ulc,1,45374.02
St. Paul's Hospital Foundation,1,45200.79
Tydenbrooks,1,45143.5
2849723 Ontario Inc E. G. Spence Maintenance And Construction,1,45096.35
Tidy Steel Fab Ltd/regal Tanks,1,44982.0
Saskatchewan Health Authority - Regina Ipac,1,44947.93
Davtech Analytical Services (canada) Inc,1,44602.47
Island Health,1,44427.59
Kja Consultants Inc,1,44219.72
University Health Network,1,44187.46
"Jwn Media, A Geologic Company",1,44070.0
Vancouver Coastal Health Ipac,1,44020.7
Liftsafe Group Of Companies,1,43776.77
Upwrite Solutions Inc.,1,43691.0
Integra Biosciences Corp,1,43662.62
"Aerodyne Research, Inc",1,43461.07
Via Trailers Bolton,1,42193.5
Cam Distributors Ltd,1,41947.5
Acl Services Ltd,1,41946.14
Serrubec Inc,1,41517.0
Fenestrae Inc,1,41206.76
Wi-com Solutions Inc.,1,41155.73
Panagate,1,40962.5
Ennis Paint Canada Ulc,1,40836.5
Sunnybrook Research Institute,1,40721.35
Angus Reid Group Inc.,1,40000.0
Slitherine Software UK Ltd,1,39875.79
Gerraudio Distribution Inc,1,39846.06
Elemental Scientific Inc.,1,39823.64
Bell Mobility,1,38985.0
"Perkinelmer Health Sciences Canada, Inc",1,38770.41
Brgp,1,38634.14
Wainbee Ltd,1,38566.5
Like 10 Inc,1,38458.59
G Moisan Inc,1,38402.0
Www.wellspring.com,1,37800.0
On Q Safety,1,37690.68
Desert Planters,1,37387.47
Wearable Sensing,1,37361.25
DC Moving & Office Relocations Ltd,1,37269.75
O/a Measur,1,37044.49
Cartt.ca,1,36790.16
Sierra Alpha Facility Services Inc.,1,36730.7
Economist Newspaper Limited,2,36545.29
Kreatis Sas,1,36474.38
Cogsim Technologies,1,36248.14
9072-9203 Québec Inc.,1,36228.62
Garant Machinerie,1,36217.13
14981570 Canada Inc.,1,36217.13
Can AM Instruments,1,36216.6
Mra,1,35940.0
Mobile Valve Repairs,1,35643.0
Cou Holding Association Inc.,1,35434.88
"Tecplot, Inc",1,35340.0
Kingston Health Sciences Centre,1,35133.88
National Helicopters Inc,1,34520.6
Services De Traduction Technique Francis Ouellet,1,34492.5
Diversified Power Inc.,1,34280.44
Solid Xperts Inc.,1,34042.74
Health Sciences Centre,1,33830.48
Saab Microwave Canada Ltd,1,33765.0
Baq (suisse) Sarl,1,33599.62
Detectus,1,33078.31
Javelin,1,33005.89
Phoenix,1,32963.82
Customized Animal Tracking Solutions Pty Ltd,1,32718.71
Optimarin AS,1,32423.04
Regional Health Authority B,1,32422.07
Alan Sosenko Inside Washington Publishers,1,32340.73
Oluwaseun Taiwo,1,32209.34
"Tyr Tactical, Llc",1,32202.85
Modeco Construction Ltd.,1,32025.0
Mount Sinai Hospital,1,31593.64
Microtec Sas,1,31038.07
American Society Of Civil Engineers,1,30982.68
Desrosiers Automotive Consultants Inc,1,30967.65
Groupe Api,3,30769.56
Sunridge Nurseries Inc.,1,30600.0
Stantec Consulting,1,30528.08
Roxon Medi-tech,1,29871.0
Bge Service & Supply Ltd,1,29867.25
Western Health,1,29581.95
The Will-burt Company,1,29525.21
Timpano-percussion Inc,1,28864.49
7034121 Canada Inc,1,28743.75
Techno Feu Inc,1,28636.58
Mak Technologies,1,28324.99
Apparel Solutions,1,28080.5
Trad Sarl,1,27995.6
Digital Messaging Technologies Solutions Canada Ulc D/b/a Bluecrest,1,27519.21
Provincial Health Services Authorita,1,26370.01
North York General Hospital,1,26159.87
Stock Transportation Ltd,1,26000.0
Iwk Health Centre,1,25467.66
Ameublement Bureau Intérieur,1,24911.64
Dascan Industrial Controls,1,23688.49
Cereals & Grains Association,1,23401.83
Dkc Associates,1,22600.0
Degruyter Brill Inc.,2,21703.84
Cascade Communications Inc.,1,21042.0
Ipro Tech Llc,1,20920.16
Metagenics Fitness Inc.,1,20653.5
Episoft,1,20066.25
Allseating Corporation,1,19742.13
Roger Burrows,1,19545.75
"Asc Gp, Inc.",1,19303.32
The Trojman Corporation,1,19023.55
Inland Audio Visual,1,18820.41
American Meteorological Society,1,18377.69
"Onaki Création S.e.n.c., Brigholme Inc., In Joint Venture",2,18335.64
United States Coast Guard,1,18329.0
Inflector Environmental Services,1,18281.03
Renaissance Sciences Corporationn,1,17879.01
Spie,1,15627.9
Caisse Centrale Desjardins,1,15000.0
Aaas Science Online,1,14840.82
Itc Traductions Canada Inc Itc Translations Canada Inc,1,14595.0
Sakku Ventures,1,14573.08
Kermode Forest Products Ltd.,1,14381.51
Canadian Linen And Uniform,1,13766.29
Solutions Zoom Inc.,1,13193.94
Northern Health Authority,1,13082.85
Citibank Canada,1,12500.0
North Ridge Pumps Ltd,1,12402.0
"Consortium Érudit, Senc",1,12051.45
Amanda J Sinnige,1,11980.0
Stago Canada Ltd,1,11247.6
Hydrooctave Consulting Inc.,1,11185.62
Cml Healthcare Inc.,1,10500.0
Davwire,1,6128.0
Hbi Office Plus Inc,1,1011.21
Minose Solutions Ltd,1,1000.0
Pathway Supply LP,1,1000.0
Ibisworld Inc,1,72.61
Findlay Foods (kingston) Ltd,3,3.0
Service Alimentaire Gordon Canada Ltée Québec,3,3.0
Meltwater,2,2.0
"Biskane Inc,",2,2.0
RT Fresh Prepared Foods,1,1.0
Scarlett House Food Group (atlantic Division),1,1.0
Wholesome Cravings Inc.,1,1.0
Royal Shelter And General Contracting Inc,1,1.0
Fresh Start Foods Canada Ltd,1,1.0
AJ Lanzarotta Wholesale Fruit & Vegetables Ltd,1,1.0
Phoenix Airmid Biomedical Corp,1,1.0
General Dynamics Produits DE Defense ET Systemes Tactiques - Canada Valleyfield Inc,1,1.0
Gravityworks,1,1.0
Avison Young Commercial Real Estate (ontario) Inc.,1,1.0
Resource Environmental Associates,1,0.01
Ædifica,1,0.01
